,address_full,lat,lon,bike_score,transit_score,walk_score
0,0 E 39th St Houston 77018,,,,,
1,10 N Hutcheson Houston 77003,,,,,
2,10 N Hutcheson Houston 77003,,,,,
3,1001 21st Houston 77008,29.8050758,-95.3911047,65,47,69
4,1001 W 21st Houston 77008,,,,,
5,1001 W 8th St Houston 77007,29.785086,-95.403271,75,42,52
6,1002 E 25th St Houston 77009,29.8089024,-95.3958918,62,43,69
7,1005 Bingham #2 Houston 77007,29.7717963,-95.3700728,,,
8,1005 Bingham #2 Houston 77007,29.7717963,-95.3700728,,,
9,1005 Bingham #3 Houston 77007,29.7717963,-95.3700728,,,
10,1005 Bingham #3 Houston 77007,29.7717963,-95.3700728,,,
11,1009 St. Charles Houston 77003,,,,,
12,1010 E Temple St Houston 77009,,,,,
13,1010 Studer St Houston 77007,29.7725768,-95.415454,65,42,82
14,1010 W 24th St #D Houston 77008,,,,,
15,1010 W 24th St #F Houston 77008,,,,,
16,1011 Green Kensington Houston 77008,,,,,
17,1012 Archer St Houston 77009,29.7971341,-95.3738203,50,56,67
18,1012 E 7th 1/2 St Houston 77009,,,,,
19,1013 E 27th St Houston 77009,29.8114386,-95.3924352,59,44,59
20,1014 Adele St Houston 77009,29.806053,-95.386179,62,46,69
21,1014 E 16th St Houston 77009,29.799838,-95.386188,61,46,77
22,1014 Green Kensington Houston 77008,,,,,
23,1015 Green Kensington Houston 77008,,,,,
24,1016 Adele St Houston 77009,29.806053,-95.386179,62,46,69
25,1016 Fugate Houston 77009,,,,,
26,1016 W Cottage St Houston 77009,29.7922555,-95.3860703,64,47,78
27,1016A Lawrence Houston 77008,29.813772,-95.408224,66,42,57
28,1017 E 26th St Houston 77009,29.811219,-95.383754,59,47,64
29,1018 Omar St Houston 77009,29.788054,-95.384311,65,45,75
30,1020 E 16th St Houston 77009,29.799838,-95.386188,61,46,77
31,1020 Green Kensington Houston 77008,,,,,
32,1022 Green Kensington Houston 77008,,,,,
33,1022 Harbor St Houston 77020,29.780108,-95.29481,48,35,57
34,1023 Green Kensington Houston 77008,,,,,
35,1023 W 7th 1/2 St Houston 77007,,,,,
36,1024 Patterson Street Houston 77007,29.7769985,-95.4062857,57,45,75
37,1024 Patterson Street Houston 77007,29.7769985,-95.4062857,57,45,75
38,1024 Richelieu Ln Houston 77018,29.835681,-95.4221495,40,42,26
39,1024 Wagner Houston 77007,29.77015,-95.394891,63,46,73
40,1025 Green Kensington Houston 77008,,,,,
41,1025 Green Kensington Houston 77008,,,,,
42,1026 Green Kensington Houston 77008,,,,,
43,1026 Green Kensington Houston 77008,,,,,
44,1027 Green Kensington Houston 77008,,,,,
45,1028 Green Kensington Houston 77008,,,,,
46,1028 Green Kensington Houston 77008,,,,,
47,1028 W 24th St Houston 77008,29.807757,-95.418138,58,41,54
48,1029 Adele St Houston 77009,29.806053,-95.386179,62,46,69
49,1029 Green Kensington Houston 77008,,,,,
50,1029 Green Kensington Houston 77008,,,,,
51,1030 Green Kensington Houston 77008,,,,,
52,1030 Green Kensington Houston 77008,,,,,
53,1030 Patterson Street Houston 77007,29.7769985,-95.4062857,57,45,75
54,1030 W 26th St  C Houston 77008,,,,,
55,1030 W 26th St. D Houston 77008,,,,,
56,1030 W 43rd St Houston 77018,29.8326677,-95.4454245,44,34,45
57,1031 Curtin St Houston 77018,29.8315692,-95.41662035,49,44,26
58,1031 W 21st ST D Houston 77008,,,,,
59,1031 Walling St Houston 77009,29.8002005,-95.3810279,59,50,80
60,1033 Candlelight Ln Houston 77018,29.8364021,-95.4298315,49,41,53
61,1034 Chantilly Ln Houston 77018,29.828882,-95.44152,43,37,45
62,1034 Chantilly Ln Houston 77018,29.828882,-95.44152,43,37,45
63,1034 Lawrence St Houston 77008,29.813772,-95.408224,66,42,57
64,1034 Nashua St Houston 77008,29.8002188,-95.4122068,62,43,71
65,1034 Peddie St Houston 77009,29.799143,-95.386172,62,48,80
66,1034 Wynnwood Ln Houston 77008,29.793986,-95.440727,46,40,35
67,1038 Candlelight Ln Houston 77018,29.8364021,-95.4298315,49,41,53
68,1038 W 21st Houston 77008,,,,,
69,1038 W Temple St Houston 77009,,,,,
70,1043 W 30th St Houston 77018,29.8138587,-95.4114043,65,41,64
71,1045 Voight St Houston 77009,29.7801162,-95.3870964,72,39,66
72,1045 W 22nd St  G Houston 77008,,,,,
73,1046 W 23rd St  B Houston 77008,,,,,
74,1046 W 23rd St  E Houston 77008,,,,,
75,1047 W 43rd St Houston 77018,29.8326677,-95.4454245,44,34,45
76,105 Detering St  C Houston 77007,,,,,
77,105 E 2nd Houston 77007,,,,,
78,1059 W 17th St Houston 77008,29.800744,-95.410088,68,44,76
79,1059 W 43rd St Houston 77018,29.8326677,-95.4454245,44,34,45
80,107 E 25th St Houston 77008,29.8090766,-95.3974841,63,43,72
81,107 E 2nd St Houston 77007,29.7742004,-95.393147,58,45,55
82,108 N Hutcheson Houston 77003,,,,,
83,108 W 10th 1/2 St Houston 77008,,,,,
84,110 N Burr St Houston 77011,29.748773,-95.324606,66,61,55
85,1102 Reinerman St Houston 77007,29.779897,-95.413623,58,37,72
86,1103 E 24th St Houston 77009,29.808143,-95.391233,62,46,63
87,1103 Shepherd Oaks Houston 77018,,,,,
88,1103 Summer Houston 77007,29.7729656,-95.3758826,77,58,73
89,1103 Walton St Houston 77009,29.812466,-95.376249,53,54,49
90,1104 Reinerman St Houston 77007,29.779897,-95.413623,58,37,72
91,1105 Patterson Houston 77007,29.7769985,-95.4062857,57,45,75
92,1106 Bingham St Houston 77007,29.7717963,-95.3700728,75,76,67
93,1107 Omar St Houston 77009,29.788054,-95.384311,65,45,75
94,1107 Tabor St Houston 77009,29.7999773,-95.37721,57,54,70
95,1107 W 21st St #B Houston 77008,,,,,
96,1107 W 21st St Unit B Houston 77008,,,,,
97,1108 Louise St Houston 77009,29.8053479,-95.3844428,63,47,71
98,1108 W 15th 1/2 Houston 77008,,,,,
99,1108 W 7th St Houston 77007,29.7834399,-95.4091266,69,39,72
100,1109 E 14th St Houston 77009,29.7963516,-95.3890928,62,49,66
101,1109 W 15th 1/2 St Houston 77008,,,,,
102,1110 E 37th St Houston 77022,29.819719,-95.394713,61,44,59
103,1110 Hamblen St Houston 77009,29.806809,-95.354482,55,48,48
104,1111 Louise St Houston 77009,29.8053479,-95.3844428,63,47,71
105,1111 W 24th St Houston 77008,29.807757,-95.418138,58,41,54
106,1113 Bunton Houston 77009,29.794039,-95.354152,51,52,61
107,1114 W 25th St Houston 77008,29.808826,-95.414769,58,42,55
108,1115 E 23rd Street Houston 77009,29.807546,-95.3844621,61,47,70
109,1115 Grovewood Lane Houston 77008,29.7937446,-95.4170001,65,38,36
110,1115 Hays St Houston 77009,29.789788,-95.355535,53,57,70
111,1116 Birdsall St Houston 77007,29.768901,-95.420167,63,43,79
112,1116 E 25th St Houston 77009,29.8089024,-95.3958918,62,43,69
113,1116 Walling St Houston 77009,29.8002005,-95.3810279,59,50,80
114,1117 Bunton Houston 77009,29.794039,-95.354152,51,52,61
115,1117 Summer St Houston 77007,29.7729656,-95.3758826,77,58,73
116,1117 W 18th St Houston 77008,29.8015449,-95.4598537,47,50,59
117,1117 W 26th Houston 77008,29.809843,-95.414797,58,42,55
118,1118 Lakin Street Houston 77007,29.7729858,-95.3939337,62,46,57
119,1119 W 17th St Houston 77008,29.800744,-95.410088,68,44,76
120,1119 Worthshire Housotn 77008,,,,,
121,112 Riley Ln Houston 77003,,,,,
122,1120 E 24th St Houston 77009,29.808143,-95.391233,62,46,63
123,1122 Bethlehem St Houston 77018,29.837219,-95.432958,47,41,31
124,1122 W 31st St Houston 77018,29.8152021,-95.4203253,67,42,58
125,1123 E 16th St Houston 77009,29.799838,-95.386188,61,46,77
126,1123 E 16th St Houston 77009,29.799838,-95.386188,61,46,77
127,1124 Jerome St Houston 77009,29.801762,-95.386148,63,46,77
128,1126 W 18th St Houston 77008,29.8015449,-95.4598537,47,50,59
129,1126 W 24th St Houston 77008,29.807757,-95.418138,58,41,54
130,1126 W 24th St Houston 77008,29.807757,-95.418138,58,41,54
131,1127 Walling St Houston 77009,29.8002005,-95.3810279,59,50,80
132,1127 Walling Houston 77009,29.8002005,-95.3810279,59,50,80
133,1129 Malone St Houston 77007,29.7689063,-95.419331,63,43,79
134,1129 W 22nd St Houston 77008,29.805726,-95.418088,58,42,62
135,1129 W 22nd St Houston 77008,29.805726,-95.418088,58,42,62
136,1129 W 22nd St Houston 77008,29.805726,-95.418088,58,42,62
137,113 E 25th St Houston 77008,29.8090766,-95.3974841,63,43,72
138,113 E 25th St Houston 77008,29.8090766,-95.3974841,63,43,72
139,1130 Edwards Street Houston 77007,29.7707791,-95.3722242,76,75,70
140,1130 Robbie Houston 77009,29.8046329,-95.3844365,63,47,71
141,1131 Louise St Houston 77009,29.8053479,-95.3844428,63,47,71
142,1134 Bonner St Houston 77007,29.7742348,-95.4022798,63,46,74
143,1135 W 21st St Houston 77008,29.804798,-95.425766,76,36,76
144,1135 W 30th St Houston 77018,29.8138587,-95.4114043,65,41,64
145,1135 Yale St Houston 77008,29.8123817,-95.3993912,66,39,68
146,1136 Adele St Houston 77009,29.806053,-95.386179,62,46,69
147,1136 Dorothy Houston 77008,29.7878615,-95.4088648814815,70,40,74
148,114 E32 Houston 77018,,,,,
149,1140 Dorothy St Houston 77008,29.7878615,-95.4088648814815,70,40,74
150,1140 Patterson St Houston 77007,29.7769985,-95.4062857,57,45,75
151,1141-A W 23rd Houston 77008,,,,,
152,1142 Hempstead Villa Ln Houston 77008,,,,,
153,1143 Lawrence St Houston 77008,29.813772,-95.408224,66,42,57
154,1148 W 25th St. H Houston 77008,,,,,
155,115 Roy St Houston 77007,29.779182,-95.412661,58,36,76
156,1150 W 22nd St Unit H Houston 77008,,,,,
157,1151 W 18th Street Houston 77008,29.8015449,-95.4598537,47,50,59
158,1158 Calles Houston 77020,29.7763693,-95.3177856,64,51,77
159,1163 W 18th Street Houston 77008,29.8015449,-95.4598537,47,50,59
160,118 E 23rd St Houston 77008,29.8072744,-95.3934331,64,45,65
161,120 Aurora St Houston 77008,29.809797,-95.3912686,62,45,61
162,120 N Edgewood St Houston 77011,29.744429,-95.322694,69,65,60
163,1202 Timbergrove Ln Houston 77008,29.7927833,-95.4165549,65,38,36
164,1204-1206 Studewood St Houston 77008,29.780855,-95.3874467,72,40,65
165,1204 E 34th St Houston 77022,29.8173847,-95.3832016,61,49,56
166,1205 Fowler Houston 77007,29.7748763,-95.4073362,58,45,80
167,1206 Cedarpost Tree Springs Pl Houston 77055,,,,,
168,1207 Aurora St Houston 77009,29.810543,-95.382691,58,49,65
169,1208 Candlelight Ln Houston 77018,29.8364021,-95.4298315,49,41,53
170,1208 Cordell St Houston 77009,29.7990551,-95.3746802,53,57,67
171,1208 Crockett St  A Houston 77007,,,,,
172,1208 Tulane St Houston 77008,29.7924602,-95.4023089,70,43,63
173,1208 Tulane Houston 77008,29.7924602,-95.4023089,70,43,63
174,1209 Hobbs Reach Lane Houston 77008,,,,,
175,1209 Hobbs Reach Ln Houston 77008,,,,,
176,1209 W 24th B Houston 77008,,,,,
177,1210 Bayou St Houston 77020,29.7653817,-95.3374788,53,48,40
178,1211 Bayou St Houston 77020,29.7653817,-95.3374788,53,48,40
179,1211 Birdsall St Unit B Houston 77007,,,,,
180,1212 Chamboard Ln Houston 77018,29.830477,-95.432568,62,40,63
181,1217 Hobbs Reach Lane Houston 77008,,,,,
182,1218 Sandman St Houston 77007,29.779193,-95.411695,58,36,76
183,1218 W 23rd E Houston 77008,,,,,
184,1218 W 23rd E Houston 77008,,,,,
185,1219 Stonecrest Dr Houston 77018,29.8151364,-95.4295705,67,39,63
186,1219 W 30th Houston 77018,,,,,
187,1220 Curtin St Houston 77018,29.8315692,-95.41662035,49,44,26
188,1221 Columbia St Houston 77008,29.785243,-95.392991,71,43,69
189,1221 Kinley Ln Houston 77018,29.824041,-95.430961,68,42,65
190,1222 W 17th St  E Houston 77008,,,,,
191,1222 W 17th St Unit E Houston 77008,,,,,
192,1223 B W 19th Houston 77008,,,,,
193,1223 C W 19th Houston 77008,,,,,
194,1223 Posey St Houston 77009,29.803015,-95.379214,64,52,73
195,1223 Rutland St Houston 77008,29.796181,-95.401286,70,43,75
196,1224 Nelson Falls Lane Houston 77008,29.7983197,-95.4199776,58,39,50
197,1224 Nelson Falls Lane Houston 77008,29.7983197,-95.4199776,58,39,50
198,1225 A W 19th Houston 77008,,,,,
199,1225 D W 19th Houston 77008,,,,,
200,1227 Cheshire Ln Houston 77018,29.830018,-95.441151,50,37,51
201,1227 Heights Blv Houston 77008,29.7907077,-95.3975768,65,43,76
202,1229 Kinley Ln Houston 77018,29.824041,-95.430961,68,42,65
203,123 Conoly St. A Houston 77009,,,,,
204,1230 24th Houston 77008,29.807757,-95.418138,58,41,54
205,1230 Timbergrove Houston 77008,29.7927833,-95.4165549,65,38,36
206,1231 Roberts St Houston 77003,29.750344,-95.341021,81,69,72
207,1231 Roberts St Houston 77003,29.750344,-95.341021,81,69,72
208,1232 Prince Houston 77008,29.7903249,-95.4134053,68,37,64
209,1232 W 24th  D Houston 77008,,,,,
210,1232 W 24th St  C Houston 77008,,,,,
211,1233 Prince St Houston 77008,29.7903249,-95.4134053,68,37,64
212,1233 Prince Houston 77008,29.7903249,-95.4134053,68,37,64
213,1234 W 23rd St Houston 77008,29.8066926,-95.4224409,66,38,67
214,1236 Prince Houston 77008,29.7903249,-95.4134053,68,37,64
215,1239 W 15 1/2 Houston 77008,,,,,
216,1239 W 24th St Unit A Houston 77008,,,,,
217,1239 W 24th St Unit A Houston 77008,,,,,
218,1240 Seamist Drive Houston 77008,29.795499,-95.4380761,45,38,44
219,1240 Seamist Drive Houston 77008,29.795499,-95.4380761,45,38,44
220,1242 Lehman St Houston 77018,29.8388825,-95.436108,42,40,32
221,1242 Lehman St Houston 77018,29.8388825,-95.436108,42,40,32
222,1242 Prince St Houston 77008,29.7903249,-95.4134053,68,37,64
223,1242 Prince St Houston 77008,29.7903249,-95.4134053,68,37,64
224,1242 Seamist Drive Houston 77008,29.795499,-95.4380761,45,38,44
225,1242 Seamist Drive Houston 77008,29.795499,-95.4380761,45,38,44
226,125 Harbor Houston 77020,29.767139,-95.294893,45,35,46
227,1250 W 18th St Houston 77008,29.8015449,-95.4598537,47,50,59
228,1253 Hobbs Reach Ln Houston 77008,,,,,
229,1254 Sampson St Houston 77003,29.74754,-95.341985,79,68,69
230,1256 Sampson St Houston 77003,29.74754,-95.341985,79,68,69
231,1256 Sampson St Houston 77003,29.74754,-95.341985,79,68,69
232,1266 W 18th St Houston 77008,29.8015449,-95.4598537,47,50,59
233,127 Payne St Houston 77009,29.784489,-95.369771,56,62,62
234,1302 Ella Pl Houston 77008,29.8019551,-95.4299828,76,34,79
235,1302 Roberts Street Houston 77003,29.750344,-95.341021,81,69,72
236,1302 Utah St Houston 77007,29.7739511,-95.4233096,57,44,74
237,1303 Ella Place Houston 77008,29.8019551,-95.4299828,76,34,79
238,1304 Roberts Street Houston 77003,29.750344,-95.341021,81,69,72
239,1305 Arlington St Houston 77008,29.7944276,-95.3942964,64,47,70
240,1305 Dorothy St Houston 77008,29.7878615,-95.4088648814815,70,40,74
241,1306 Idylwild St Houston 77009,29.80237,-95.37807,62,54,64
242,1306 Roberts Street Houston 77003,29.750344,-95.341021,81,69,72
243,1306 W 25th St Houston 77008,29.808826,-95.414769,58,42,55
244,1306 W 25th St Houston 77008,29.808826,-95.414769,58,42,55
245,1306 W 31st St Houston 77018,29.8152021,-95.4203253,67,42,58
246,1307 Brooks St Houston 77009,29.773101,-95.361,65,80,67
247,1307A Studer St Houston 77007,29.7725768,-95.415454,65,42,82
248,1308 Idylwild St Houston 77009,29.80237,-95.37807,62,54,64
249,1309 B Asbury St Houston 77007,29.7689188,-95.4184893,64,43,78
250,1309 Caplin St Houston 77022,29.816367,-95.339491,38,50,34
251,1309 Prince St Houston 77008,29.7903249,-95.4134053,68,37,64
252,1310 A Bingham St Houston 77007,29.7717963,-95.3700728,75,76,67
253,1310 E 36th St Houston 77022,29.819495,-95.387394,53,45,33
254,1310 Reinerman Street Houston 77007,29.779897,-95.413623,58,37,72
255,1312 Alexander St Houston 77008,29.796785,-95.408389,67,43,66
256,1312 Live Oak St #106 Houston 77003,,,,,
257,1312 Reinerman Street Houston 77007,29.779897,-95.413623,58,37,72
258,1315 Bingham St Houston 77007,29.7717963,-95.3700728,75,76,67
259,1315 Paige St Houston 77003,29.753416,-95.343957,79,73,72
260,1316 Sadler St Houston 77022,29.8349294,-95.3613377,52,42,57
261,1317 Cheshire Ln Houston 77018,29.830018,-95.441151,50,37,51
262,1317 W 22nd St Houston 77008,29.805726,-95.418088,58,42,62
263,1318 Ella Pl Houston 77008,29.8019551,-95.4299828,76,34,79
264,1318 Hussion Houston 77003,29.7347832,-95.3439427,61,59,52
265,1319 Idylwild St Houston 77009,29.80237,-95.37807,62,54,64
266,1319 Idylwild St Houston 77009,29.80237,-95.37807,62,54,64
267,1320 Hussion Houston 77003,29.7347832,-95.3439427,61,59,52
268,1320 W 25th St  C Houston 77008,,,,,
269,1322 Hussion Houston 77003,29.7347832,-95.3439427,61,59,52
270,1325 Richelieu Ln Houston 77018,29.835681,-95.4221495,40,42,26
271,1325 Richelieu Ln Houston 77018,29.835681,-95.4221495,40,42,26
272,1327 Sadler St Houston 77022,29.8349294,-95.3613377,52,42,57
273,1328 Sabine St Houston 77007,29.7609681,-95.3753195,76,87,73
274,1331 W 24th St  F Houston 77008,,,,,
275,1333 W 22nd St A Houston 77008,,,,,
276,1333 W 22nd St A Houston 77008,,,,,
277,1333 W 22nd St F Houston 77008,,,,,
278,1333 W 22nd St F Houston 77008,,,,,
279,1333 W 22nd St G Houston 77008,,,,,
280,1333 W 22nd St G Houston 77008,,,,,
281,1335 Ella Place Houston 77008,29.8019551,-95.4299828,76,34,79
282,1337 W 24th Houston 77008,29.807757,-95.418138,58,41,54
283,1339B Prince St Houston 77008,29.7903249,-95.4134053,68,37,64
284,1340 W 25th Houston 77008,,,,,
285,135 N Maplewood St Houston 77011,,,,,
286,136 E 37th St Houston 77018,,,,,
287,1361 Studer St Houston 77007,29.7725768,-95.415454,65,42,82
288,1361 Studer St Houston 77007,29.7725768,-95.415454,65,42,82
289,1373 Studer St Houston 77007,29.7725768,-95.415454,65,42,82
290,138 E 31st 1/2 St Houston 77018,29.815137,-95.398009,67,39,66
291,1388 Studer St Houston 77007,29.7725768,-95.415454,65,42,82
292,140 N Milby St Houston 77003,29.7374125,-95.3438931,69,63,58
293,1401 Glenmore Forest St Houston 77055,29.7959707,-95.4871326,60,33,72
294,1403 Sylvester Houston 77009,29.811615,-95.371755,48,57,32
295,1403 W 26th St Houston 77008,29.809843,-95.414797,58,42,55
296,1405 Glenmore Forest St Houston 77055,29.7959707,-95.4871326,60,33,72
297,1405 Prince St  A Houston 77008,,,,,
298,1405 Sylvester Houston 77009,29.811615,-95.371755,48,57,32
299,1406 Asbury St Houston 77007,29.7689188,-95.4184893,64,43,78
300,1406 Curtin St Houston 77018,29.8315692,-95.41662035,49,44,26
301,1407 Dorothy St Houston 77008,29.7878615,-95.4088648814815,70,40,74
302,1407 Dorothy St Houston 77008,29.7878615,-95.4088648814815,70,40,74
303,1408 Bragg Houston 77009,29.812788,-95.355626,41,42,31
304,1408 Wheeler St Houston 77004,29.7170809,-95.344831,70,62,51
305,1411 Bayou St Houston 77020,29.7653817,-95.3374788,53,48,40
306,1411 Thornton Rd Houston 77018,29.832356,-95.423062,50,42,25
307,1411 Wheeler St Houston 77004,29.7170809,-95.344831,70,62,51
308,1413 Mystic St Houston 77020,29.7752943,-95.3197777,67,50,59
309,1414 Knox Houston 77007,29.761265,-95.4209414,52,41,60
310,1414 Laird St  A Houston 77008,,,,,
311,1415 Bayou St Houston 77020,29.7653817,-95.3374788,53,48,40
312,1416 Sabine Houston 77007,29.7609681,-95.3753195,76,87,73
313,1416 Sabine Houston 77007,29.7609681,-95.3753195,76,87,73
314,1417 Birdsall St Houston 77007,29.768901,-95.420167,63,43,79
315,1421 W 26th St  F Houston 77008,,,,,
316,1422 Bragg Houston 77009,29.812788,-95.355626,41,42,31
317,1423 Alexander Houston 77008,29.796785,-95.408389,67,43,66
318,1424 Lawrence St Houston 77008,29.813772,-95.408224,66,42,57
319,1425 Adkins Rd Houston 77055,29.791833,-95.520309,63,33,69
320,1425 Pine Chase Dr Houston 77055,29.798882,-95.488974,56,34,72
321,1426 Adkins Houston 77055,29.791833,-95.520309,63,33,69
322,1426 W A 21st St Houston 77008,,,,,
323,1426A Nashua St Houston 77008,29.8002188,-95.4122068,62,43,71
324,1427 W. 22nd Houston 77008,,,,,
325,1427 W. 22nd Houston 77008,,,,,
326,1430 Alexander St Houston 77008,29.796785,-95.408389,67,43,66
327,1433 W 25th Street Houston 77008,29.808826,-95.414769,58,42,55
328,1442 Yale St Houston 77008,29.8123817,-95.3993912,66,39,68
329,1446 Althea Dr Houston 77018,29.825827,-95.43708,64,40,54
330,1447 Heights #225 Houston 77008,,,,,
331,1447 Heights Blv #221 Houston 77008,,,,,
332,145 E 2nd St Houston 77007,29.7742004,-95.393147,58,45,55
333,1500 W 23rd St Houston 77008,29.8066926,-95.4224409,66,38,67
334,1500 W 23rd St Houston 77008,29.8066926,-95.4224409,66,38,67
335,1501 Ennis St Houston 77003,29.751029,-95.343851,81,72,73
336,1502 Thornton Houston 77018,29.832356,-95.423062,50,42,25
337,1504 Beall St Houston 77008,29.802714,-95.418027,55,41,60
338,1504 Beall St Houston 77008,29.802714,-95.418027,55,41,60
339,1505 Chippendale Rd Houston 77018,29.8220926,-95.4296389,76,39,70
340,1506 Cordell St Houston 77009,29.7990551,-95.3746802,53,57,67
341,1507 Laird St Houston 77008,29.796024,-95.410822,63,42,62
342,1507 Wilde Rock Way Houston 77018,29.8143554,-95.4294586,66,39,60
343,1508 Beall St Houston 77008,29.802714,-95.418027,55,41,60
344,1508 Lawrence St Houston 77008,29.813772,-95.408224,66,42,57
345,1509 Reinerman St Houston 77007,29.779897,-95.413623,58,37,72
346,1510 Beall St Houston 77008,29.802714,-95.418027,55,41,60
347,1510 Cohn Houston 77007,29.782558,-95.4220428,44,43,40
348,1510 W 26th #E Houston 77008,,,,,
349,1512 Beall St Houston 77008,29.802714,-95.418027,55,41,60
350,1512 Summer St  C Houston 77007,,,,,
351,1513 Malone St Houston 77007,29.7689063,-95.419331,63,43,79
352,1514 Ansbury Houston 77018,29.813193,-95.433296,61,38,56
353,1514 Beall St Houston 77008,29.802714,-95.418027,55,41,60
354,1514 Beall St Houston 77008,29.802714,-95.418027,55,41,60
355,1514 Prince St Houston 77008,29.7903249,-95.4134053,68,37,64
356,1514 Prince St Houston 77008,29.7903249,-95.4134053,68,37,64
357,1515 Oakdale #14 Houston 77004,29.718894,-95.373236,,,
358,1515 Oakdale St #1 Houston 77004,,,,,
359,1516 Dyer Lake Ln Houston 77008,,,,,
360,1517 Alexander St Houston 77008,29.796785,-95.408389,67,43,66
361,1519 Prince St Houston 77008,29.7903249,-95.4134053,68,37,64
362,1521 Knox St Houston 77007,29.761265,-95.4209414,52,41,60
363,1522 Colorado St Houston 77007,29.770765,-95.374701,72,65,76
364,1525 Birdsall St  E Houston 77007,,,,,
365,1526 Cortlandt St Houston 77008,29.804023,-95.395552,68,45,77
366,1527 Rutland St #5 Houston 77008,,,,,
367,1528 W 25th St Houston 77008,29.808826,-95.414769,58,42,55
368,1530 Bevis St Houston 77008,29.8066926,-95.4224409,66,38,67
369,1530 Nashua Houston 77008,29.800471,-95.412039,62,43,71
370,1533 A Dorothy Houston 77008,,,,,
371,1536 Dian St. #C Houston 77008,,,,,
372,1539 Malone Houston 77007,29.7689063,-95.419331,63,43,79
373,1540 Lawrence Street Houston 77008,29.813772,-95.408224,66,42,57
374,1543 Dorothy St Houston 77008,29.7878615,-95.4088648814815,70,40,74
375,1545 Birdsall  A Houston 77007,29.768901,-95.420167,63,43,79
376,1545 Birdsall St  B Houston 77007,,,,,
377,155 Deerfield St Houston 77022,29.8320322,-95.3759262,62,63,69
378,155 Deerfield St Houston 77022,29.8320322,-95.3759262,62,63,69
379,155 Deerfield St Houston 77022,29.8320322,-95.3759262,62,63,69
380,1559 Sue Barnett Dr Houston 77018,29.819867,-95.413223,77,44,51
381,1602 Bonner East  A Houston 77007,,,,,
382,1602 Elgin St #16 Houston 77004,,,,,
383,1602 Elgin St #18 Houston 77004,,,,,
384,1602 Hamblen St Houston 77009,29.806809,-95.354482,55,48,48
385,1603 Viking Dr Houston 77018,29.835483,-95.445968,48,36,35
386,1604 Sabine St Houston 77007,29.7609681,-95.3753195,76,87,73
387,1605 Sandman St Houston 77007,29.779193,-95.411695,58,,76
388,1606 Lehman Houston 77018,29.8388825,-95.436108,42,40,32
389,1607 Shearn Houston 77007,29.7744525,-95.3758975,76,56,70
390,1607 W 15th Houston 77008,,,,,
391,1610 Chestnut St Houston 77009,29.778127,-95.359818,68,67,75
392,1610 Ovid Street Houston 77007,29.7759304,-95.3736265,78,62,68
393,1610 Ovid Houston 77007,29.7759304,-95.3736265,78,62,68
394,1610 Ovid Houston 77007,29.7759304,-95.3736265,78,62,68
395,1612 W 13th St Houston 77008,29.794254,-95.405789,68,42,63
396,1612D Edwards St Houston 77007,29.7707791,-95.3722242,76,75,70
397,1613 Pannell St Houston 77020,29.775095,-95.331879,61,51,65
398,1614 Hickory St Houston 77007,29.7737414,-95.3712105,76,70,69
399,1615 Houston Ave Houston 77007,29.76798,-95.372321,83,70,82
400,1615 W 23rd St Houston 77008,29.8066926,-95.4224409,66,38,67
401,1618 Fulton St Houston 77009,29.8105075,-95.3698173,48,57,42
402,1618 W 13th St Houston 77008,29.794254,-95.405789,68,42,63
403,1620 Knox St Houston 77007,29.761265,-95.4209414,52,41,60
404,1620 McDonald Houston 77007,,,,,
405,1621 23rd  D Houston 77008,29.8072327,-95.3958314,66,45,72
406,1621 W 23rd St Houston 77008,29.8066926,-95.4224409,66,38,67
407,1622 Chantilly Ln Houston 77018,29.828882,-95.44152,43,37,45
408,1625A W 23rd St Houston 77008,29.8066926,-95.4224409,66,38,67
409,1626 Elgin St Houston 77004,29.7421785,-95.3779214,79,82,84
410,1626 W 24Th St Houston 77008,29.807757,-95.418138,58,41,54
411,1630 Woodcrest Dr Houston 77018,29.822843,-95.441242,59,40,47
412,1633 Cohn St Houston 77007,29.7700061,-95.4218366,62,44,72
413,1637 Cortlandt St Houston 77008,29.804023,-95.395552,68,45,77
414,1638 Walton St Houston 77009,29.812466,-95.376249,53,54,49
415,1639 Walton St Houston 77009,29.812466,-95.376249,53,54,49
416,1642 Dennis St Houston 77004,29.7303873,-95.3435653,61,62,63
417,1643 Althea Dr Houston 77018,29.825827,-95.43708,64,40,54
418,1702 Cheshire Ln Houston 77018,29.830018,-95.441151,50,37,51
419,1702 Ovid Houston 77007,29.7759304,-95.3736265,78,62,68
420,1705 Candlelight Ln Houston 77018,29.8364021,-95.4298315,49,41,53
421,1705 Chippendale Rd Houston 77018,29.8220926,-95.4296389,76,39,70
422,1706 W 15th St Houston 77008,29.797924,-95.407632,68,43,62
423,1707 Gano St Houston 77009,29.780449,-95.354652,63,63,72
424,1709 Chippendale Rd Houston 77018,29.8220926,-95.4296389,76,39,70
425,1709 Gano St Houston 77009,29.780449,-95.354652,63,63,72
426,1709 Gano St Houston 77009,29.780449,-95.354652,63,63,72
427,1710 Chippendale Rd Houston 77018,29.8220926,-95.4296389,76,39,70
428,1710 Stacy Falls Houston 77008,,,,,
429,1710 Stacy Fls Houston 77008,,,,,
430,1711 Aden Mist Dr Houston 77003,,,,,
431,1712 Aden Dr Houston 77003,,,,,
432,1712 W 13th St Houston 77008,29.794254,-95.405789,68,42,63
433,1714 Bevis St Houston 77008,29.8066926,-95.4224409,66,38,67
434,1714 Roy St Houston 77007,29.779182,-95.412661,58,36,76
435,1715 Maud St Houston 77007,29.77859,-95.375471,73,55,61
436,1716 Dart St Houston 77007,29.7687241,-95.3653592,81,86,46
437,1717 Althea Dr Houston 77018,29.825827,-95.43708,64,40,54
438,1720 Mcdonald St Houston 77007,,,,,
439,1722 De Milo Dr Houston 77018,29.834672,-95.446087,48,36,35
440,1725 Libbey Dr Houston 77018,29.830894,-95.447798,49,34,43
441,1726 Stonecrest Dr Houston 77018,29.8151364,-95.4295705,67,39,63
442,1727 Ennis Street Houston 77003,29.751029,-95.343851,81,72,73
443,1729 Ennis Street Houston 77003,29.751029,-95.343851,81,72,73
444,1737 Hollister St Houston 77055,29.809881,-95.5065235,48,36,55
445,1738 W 23 Houston 77008,,,,,
446,1747 Ennis Street Houston 77003,29.751029,-95.343851,81,72,73
447,1749 Beall St Houston 77008,29.802714,-95.418027,55,41,60
448,1749 Ennis Street Houston 77003,29.751029,-95.343851,81,72,73
449,1751 Ennis Street Houston 77003,29.751029,-95.343851,81,72,73
450,1766 De Milo Dr Houston 77018,29.834672,-95.446087,48,36,35
451,1801 W 14th 1/2 St Houston 77008,,,,,
452,1802 Seamist Ct Houston 77008,29.805346,-95.438122,59,37,55
453,1804 Goliad St Houston 77007,29.769335,-95.370579,75,80,62
454,1804 Tuam St Houston 77004,29.738818,-95.3677747,72,77,80
455,1806 Decatur St Houston 77007,29.7669608,-95.37827,75,56,75
456,1806 Nina Lee Ln Houston 77018,29.831717,-95.447823,51,33,44
457,1806 Rosalie St Houston 77004,29.740677,-95.37398,82,82,88
458,1807 Hadley St Houston 77003,29.739513,-95.359752,57,68,67
459,1807 Stacy Crest Houston 77008,29.8048362,-95.4320258,72,34,65
460,1808  W 25 Houston 77008,,,,,
461,1808 W 25th Houston 77008,29.808826,-95.414769,58,42,55
462,1808 W 25th Houston 77008,29.808826,-95.414769,58,42,55
463,1809 Dart St Houston 77007,29.7687241,-95.3653592,81,86,46
464,1809 W 15th St Houston 77008,29.797924,-95.407632,68,43,62
465,1811 Goliad Houston 77007,29.769335,-95.370579,75,80,62
466,1811 Hewitt Dr Houston 77018,29.830128,-95.444715,43,35,41
467,1811 Johnson Houston 77007,29.7773124,-95.3736328,67,61,59
468,1811 Nauts Ct Houston 77008,29.803903,-95.437476,58,37,58
469,1812 Rosedale St  B Houston 77004,,,,,
470,1813 A Elysian Houston 77009,29.775539,-95.350514,64,64,48
471,1814 Nauts Ct Houston 77008,29.803903,-95.437476,58,37,58
472,1815 Ashland St Houston 77008,29.796141,-95.403483,71,43,72
473,1815 Ashland Houston 77008,29.796141,-95.403483,71,43,72
474,1818 Dart St Houston 77007,29.7687241,-95.3653592,81,86,46
475,1818 Dart St Houston 77007,29.7687241,-95.3653592,81,86,46
476,1818 Locksford St Houston 77008,29.8016451,-95.4460571,47,44,56
477,1818 Seaspray Ct Houston 77008,29.793815,-95.435824,48,39,36
478,1819 Gardenia Dr Houston 77018,29.827032,-95.424159,62,43,55
479,1819 Millwood Dr Houston 77008,29.804694,-95.440071,55,38,51
480,1819 W 24th St Houston 77008,29.807757,-95.418138,58,41,54
481,1823 Stacy Crs Houston 77008,,,,,
482,1825 Keene St Houston 77009,29.7787307,-95.3638272,70,69,71
483,1827 De Milo Dr Houston 77018,29.834672,-95.446087,48,36,35
484,1828 Lewis St Houston 77009,29.774679,-95.362405,68,76,64
485,1830 Wheeler St Houston 77004,29.7170809,-95.344831,70,62,51
486,1831 Hadley St Houston 77003,29.739513,-95.359752,57,68,67
487,1834 Latexo Dr Houston 77018,29.836345,-95.445377,43,37,32
488,1834 Mill Creek Dr Houston 77008,29.802901,-95.443515,45,41,44
489,1838 Chantilly Ln Houston 77018,29.828882,-95.44152,43,37,45
490,1838 Chantilly Ln Houston 77018,29.828882,-95.44152,43,37,45
491,1841 Radcliffe St Houston 77007,29.7798187,-95.4201141,54,42,58
492,1847 Stacy Crs Houston 77008,,,,,
493,1857 Dart St Houston 77007,29.7687241,-95.3653592,81,86,46
494,1860 White Oak Dr #339 Houston 77009,,,,,
495,1879 Dart St Houston 77007,29.7687241,-95.3653592,81,86,46
496,1880 White Oak Dr #118 Houston 77009,,,,,
497,1880 White Oak Dr #159 Houston 77009,,,,,
498,1880 White Oak Dr #176 Houston 77009,,,,,
499,1901 Fletcher St Houston 77009,29.7749138,-95.3632085,68,76,64
500,1904 W 14th 1/2 St Houston 77008,,,,,
501,1906 Tabor St Houston 77009,29.7999773,-95.37721,57,54,70
502,1907 Benson St Houston 77020,29.772009,-95.329649,62,47,64
503,1907 Brimberry St Houston 77018,29.833787,-95.448894,56,35,41
504,1907 De Milo Dr Houston 77018,29.834672,-95.446087,48,36,35
505,1910 Oakdale  B Houston 77004,29.718894,-95.373236,67,45,83
506,1910 Oakdale  C Houston 77004,,,,,
507,1910 Oakdale #A Houston 77004,29.718894,-95.373236,,,
508,1912 Summer Street A Houston 77007,,,,,
509,1912 Summer Street B Houston 77007,,,,,
510,1915 Oxford St Houston 77008,29.7861655,-95.3919321,71,43,69
511,1917 Chestnut St Houston 77009,29.778127,-95.359818,68,67,75
512,1918 Goliad St Houston 77007,29.769335,-95.370579,75,80,62
513,1919 Johnson St Houston 77007,29.7773124,-95.3736328,67,61,59
514,2004 B Rosedale St Houston 77004,29.7278663,-95.3817602,72,67,74
515,2004 D Rosedale St Houston 77004,29.7278663,-95.3817602,72,67,74
516,2004 Live Oak St Houston 77003,29.742543,-95.3560198,59,70,55
517,2006 Wilde Rock Way Houston 77018,29.8143554,-95.4294586,66,39,60
518,2008 Lubbock St Houston 77007,29.765315,-95.371752,84,91,70
519,2009 Hickory Houston 77007,29.7737414,-95.3712105,76,70,69
520,2011 Chippendale Rd Houston 77018,29.8220926,-95.4296389,76,39,70
521,2011 Hickory Houston 77007,29.7737414,-95.3712105,76,70,69
522,2011 Millwood Dr Houston 77008,29.804694,-95.440071,55,38,51
523,2013 Hickory Houston 77007,29.7737414,-95.3712105,76,70,69
524,2015 Shearn St Houston 77007,29.7744525,-95.3758975,76,56,70
525,2017 Fulton St Houston 77009,29.8105075,-95.3698173,48,57,42
526,2017 Lazybrook Dr Houston 77008,29.803899,-95.439195,52,37,52
527,2018 Cheshire ln Houston 77018,29.830018,-95.441151,50,37,51
528,2018 Viking Dr Houston 77018,29.835483,-95.445968,48,36,35
529,202 E 23rd St Houston 77008,29.8072744,-95.3934331,64,45,65
530,2020 Fulton St Houston 77009,29.8105075,-95.3698173,48,57,42
531,2020 Sabine Houston 77007,29.7609681,-95.3753195,76,87,73
532,2020 Sabine Houston 77007,29.7609681,-95.3753195,76,87,73
533,2022 Sabine Houston 77007,29.7609681,-95.3753195,76,87,73
534,2023 Hewitt Houston 77018,29.830128,-95.444715,43,35,41
535,203 E 32nd St Houston 77018,29.815568,-95.394657,65,39,62
536,203 Riley Ln Houston 77003,,,,,
537,204 E 26th St Houston 77008,29.811219,-95.383754,59,47,64
538,2046 Marnel Rd Houston 77055,29.812562,-95.498279,52,33,67
539,205 Cottage St Houston 77009,29.7924999,-95.3684155,49,59,61
540,205 E 32nd St Houston 77018,29.815568,-95.394657,65,39,62
541,205 Riley Ln Houston 77003,,,,,
542,205 Vincent St Houston 77009,29.7981221,-95.3729898,50,56,66
543,207 Coronado Houston 77009,29.7999966,-95.3746943,56,56,62
544,207 Detering St Houston 77007,29.780593,-95.415933,54,39,54
545,207 E 23rd St Houston 77008,29.8072744,-95.3934331,64,45,65
546,207 E 23rd St Houston 77008,29.8072744,-95.3934331,64,45,65
547,207 E 32nd St Houston 77018,29.815568,-95.394657,65,39,62
548,207 Morris Houston 77009,29.782516,-95.362834,64,66,79
549,209  1/2 E Woodland St Houston 77009,,,,,
550,209  1/2 E Woodland St Houston 77009,29.786479,-95.368718,62,60,70
551,209 A Burr Houston 77011,,,,,
552,209 F Burr Houston 77011,29.748773,-95.324606,66,61,55
553,210 Blueberry St Houston 77018,29.824664,-95.4013,60,47,55
554,210 Marathon St Houston 77018,29.821906,-95.401839,59,45,55
555,2102 Millwood Dr Houston 77008,29.804694,-95.440071,55,38,51
556,2102 Webster Houston 77003,29.735713,-95.349091,63,60,59
557,2106 Oatfield Dr Houston 77018,,,,,
558,2106 Oatfield Dr Houston 77018,,,,,
559,2108 Couch Street Houston 77008,29.807695,-95.42583,70,35,66
560,2110 Althea Dr Houston 77018,29.825827,-95.43708,64,40,54
561,2110 Brooktree Dr Houston 77008,29.804694,-95.440071,55,38,51
562,2111 Gardenia Dr Houston 77018,29.827032,-95.424159,62,43,55
563,2111 Marion St Houston 77009,29.779336,-95.356499,66,64,73
564,2111 Oatfield Houston 77018,,,,,
565,2112 Couch Street Houston 77008,29.807695,-95.42583,70,35,66
566,2112 Reinerman St  B Houston 77007,,,,,
567,2112 Reinerman St  B Houston 77007,,,,,
568,2112 Reinerman St  B Houston 77007,,,,,
569,2113 Decatur St Houston 77007,29.7669608,-95.37827,75,56,75
570,2113 Detering Houston 77007,29.780593,-95.415933,54,39,54
571,2113 Detering Houston 77007,29.780593,-95.415933,54,39,54
572,2113 St Charles St Houston 77003,29.755026,-95.346869,77,81,73
573,2115 Woodcrest Dr Houston 77018,29.822843,-95.441242,59,40,47
574,2115 Woodcrest Dr Houston 77018,29.822843,-95.441242,59,40,47
575,2119 Stacy Knoll Houston 77008,,,,,
576,212 Gale St Houston 77009,29.8056871,-95.3610309,65,55,60
577,2120 Gentry St Houston 77009,29.779567,-95.35962,67,65,75
578,2125 Roy  D Houston 77007,,,,,
579,2125 Roy  D Houston 77007,,,,,
580,2125 Roy  D Houston 77007,,,,,
581,2126 Saxon Dr Houston 77018,29.827596,-95.447718,51,35,42
582,2126 Saxon Dr Houston 77018,29.827596,-95.447718,51,35,42
583,213 E 27 Houston 77008,,,,,
584,215 W Norma St #104 Houston 77009,,,,,
585,216 Burr St Houston 77011,29.745657,-95.326612,69,67,53
586,216 Detering St  E Houston 77007,,,,,
587,216 E Super Houston 77011,29.746722,-95.3294912,70,67,56
588,218 Eastwood St Houston 77011,29.7474279,-95.3303133,72,66,65
589,218 N Native Ln Houston 77022,,,,,
590,219 H&I W 27th Street Houston 77008,29.8104344,-95.4262748,59,33,51
591,219 H W 27th Street Houston 77008,29.8104344,-95.4262748,59,33,51
592,"219 H,I W 27th Street Houston 77008",,,,,
593,219 Marsden St Houston 77011,29.741306,-95.312658,69,63,63
594,219 Plaza Del Sol Park Houston 77020,,,,,
595,2203 Bethlehem Houston 77018,29.837219,-95.432958,47,41,31
596,2206 Willowby Dr Houston 77008,29.800739,-95.4301053,75,34,78
597,2209 Singleton St Houston 77008,29.80549,-95.3902972,65,47,69
598,221 A W 25th St Houston 77008,29.808826,-95.414769,58,42,55
599,221 B W 25th St Houston 77008,29.808826,-95.414769,58,42,55
600,221 C W 25th St Houston 77008,29.808826,-95.414769,58,42,55
601,221 E 27 Houston 77008,,,,,
602,2210 Saxon Dr Houston 77018,29.827596,-95.447718,51,35,42
603,2211 Bastrop St Houston 77003,29.7503044,-95.3537309,70,88,78
604,2214 Althea Houston 77018,29.825827,-95.43708,64,40,54
605,2215 Bastrop St Houston 77003,29.7503044,-95.3537309,70,88,78
606,2215 Truxillo St Houston 77004,29.734628,-95.37625,79,73,87
607,2217 Bastrop St Houston 77003,29.7503044,-95.3537309,70,88,78
608,222 E 28 Houston 77008,,,,,
609,2222 Wakefield Dr Houston 77018,29.824965,-95.438785,57,40,44
610,2223 Hadley St Houston 77003,29.739513,-95.359752,57,68,67
611,2223 Tannehill Dr Houston 77008,29.7990637,-95.4417862,41,39,53
612,2227 Haverhill Dr Houston 77008,29.79999,-95.4301053,75,34,78
613,2237 Chenevert St Houston 77003,29.759628,-95.352657,81,91,80
614,226 E 28th St Houston 77008,29.812577,-95.383744,60,46,62
615,226 Styers St Houston 77022,29.817359,-95.373161,45,57,38
616,2302 Couch St Houston 77008,29.807695,-95.42583,70,35,66
617,2306 Carleen Rd Houston 77018,29.8378495,-95.4528917,53,35,25
618,2306 Detering St Houston 77007,29.780593,-95.415933,54,39,54
619,2312 Beall St Houston 77008,29.802714,-95.418027,55,41,60
620,2314 Hialeah Dr Houston 77018,29.826715,-95.452666,58,35,37
621,2315 Ann St Houston 77003,,,,,
622,2315 Couch St Houston 77008,29.807695,-95.42583,70,35,66
623,2318 Carleen Rd Houston 77018,29.8378495,-95.4528917,53,35,25
624,2318 Radcliffe St Houston 77007,29.7798187,-95.4201141,54,42,58
625,2322 Poinciana Houston 77018,29.825933,-95.453106,58,35,37
626,2327 Carleen Rd Houston 77018,29.8378495,-95.4528917,53,35,25
627,2327 Chantilly Ln Houston 77018,29.828882,-95.44152,43,37,45
628,2327 Chantilly Ln Houston 77018,29.828882,-95.44152,43,37,45
629,2327 Chantilly Ln Houston 77018,29.828882,-95.44152,43,37,45
630,2336 Commerce Houston 77003,29.749403,-95.335089,80,66,72
631,2338 Commerce Houston 77003,29.749403,-95.335089,80,66,72
632,2342 Commerce Houston 77003,29.749403,-95.335089,80,66,72
633,236 Detering St Houston 77007,29.780593,-95.415933,54,39,54
634,238 E 28 Houston 77008,,,,,
635,239 Cody St Houston 77009,29.7988975,-95.3674194,56,58,71
636,24 Waugh Dr  C Houston 77007,,,,,
637,2403 Cohn St Houston 77007,29.7700061,-95.4218366,62,44,72
638,2416 Dowling St Houston 77004,29.735373,-95.364283,59,63,77
639,2418 Dowling St Houston 77004,29.735373,-95.364283,59,63,77
640,242 26th St Houston 77008,29.809843,-95.414797,58,42,55
641,242 W 26th St Houston 77008,29.809843,-95.414797,58,42,55
642,2420 Dowling St Houston 77004,29.735373,-95.364283,59,63,77
643,2422 Arabelle Houston 77007,29.7804998,-95.4243357,46,44,52
644,2423 Oxford St Houston 77008,29.7861655,-95.3919321,71,43,69
645,2424 Hadley Houston 77003,29.733594,-95.345472,61,61,58
646,2427 Droxford Dr Houston 77008,29.798394,-95.4299983,71,35,74
647,2431 Blue Water Ln Houston 77018,29.8388343,-95.4544974,48,34,22
648,244 W 28th Houston 77008,29.811999,-95.4060585,69,41,61
649,250 E 28th St Houston 77008,29.812577,-95.383744,60,46,62
650,2502 Radcliffe Houston 77007,29.7798187,-95.4201141,54,42,58
651,2505 Dallas St Houston 77003,29.7587315,-95.3715182,79,99,83
652,2505 Dallas St Houston 77003,29.7587315,-95.3715182,79,99,83
653,2505 Judiway Houston 77018,29.8207164,-95.429474,73,39,57
654,2506 Radcliffe Houston 77007,29.7798187,-95.4201141,54,42,58
655,2507 Saltus Houston 77003,29.752793,-95.336568,80,66,62
656,2509 Terry St Houston 77009,29.794055,-95.353139,51,52,61
657,2515 Arabelle Houston 77007,29.7804998,-95.4243357,46,44,52
658,2516 Pease Ave Houston 77003,,,,,
659,2516 Pease Ave Houston 77003,,,,,
660,2526 Roy Cir Houston 77007,29.781299,-95.4123765973154,56,37,59
661,2537 Rusk St Houston 77003,29.761383,-95.368439,84,100,83
662,258 W 28th Houston 77008,29.811999,-95.4060585,69,41,61
663,2602 Washington Ave  B Houston 77007,,,,,
664,2602 Washington Ave  C Houston 77007,,,,,
665,2604 Link Rd Houston 77009,29.80832,-95.378645,64,54,65
666,2605 Calumet St #37 Houston 77004,,,,,
667,2606 Shady Acres Court Houston 77008,,,,,
668,2608 Arlington St Houston 77008,29.7944276,-95.3942964,64,47,70
669,2608 Madeline Grove Dr Houston 77008,,,,,
670,2610 Madeline Grove Dr Houston 77008,,,,,
671,2611 F Riverside Drive Houston 77004,29.7181436,-95.3795121,76,53,75
672,2611 Sherwin Houston 77007,29.7804736,-95.4266205,41,45,56
673,2612 Bevis St Houston 77008,29.8066926,-95.4224409,66,38,67
674,2612 Bevis St Houston 77008,29.8066926,-95.4224409,66,38,67
675,2614 Madeline Grove Dr Houston 77008,,,,,
676,2615 Rusk Houston 77003,29.761383,-95.368439,84,100,83
677,2617 Morrison St Houston 77009,29.784864,-95.373104,63,55,73
678,2621 Lawrence St Houston 77008,29.813772,-95.408224,66,42,57
679,2622 2 Morrison Houston 77009,,,,,
680,2622 Morrison Street #1 Houston 77009,,,,,
681,2626 Shady Woods Ln Houston 77008,,,,,
682,2626 Willowby Dr Houston 77008,29.800739,-95.4301053,75,34,78
683,2629 Fountain Key Blv Houston 77008,,,,,
684,2634 Bevis St Houston 77008,29.8066926,-95.4224409,66,38,67
685,2640 Fountain Key Blv Houston 77008,,,,,
686,2641 Fountain Key Blv Houston 77008,,,,,
687,2644 Fountain Key Blv Houston 77008,,,,,
688,2645 Fountain Key Blv Houston 77008,,,,,
689,2648 Fountain Key Blv Houston 77008,,,,,
690,2649 Fountain Key Blv Houston 77008,,,,,
691,2653 Fountain Key Blv Houston 77008,,,,,
692,2656 Fountain Key Blv Houston 77008,,,,,
693,2657 Fountain Key Blv Houston 77008,,,,,
694,2661 Fountain Key Blv Houston 77008,,,,,
695,2702 Freund Street Houston 77003,29.756543,-95.332424,73,48,53
696,2704 Kennedy St Houston 77003,29.7589896,-95.3398135,80,61,63
697,2706 Cortlandt St Houston 77008,29.804023,-95.395552,68,45,77
698,2706 Eagle St Houston 77004,29.730164,-95.373454,64,62,75
699,2707 Kennedy St Houston 77003,29.7589896,-95.3398135,80,61,63
700,2708 Freund St Houston 77003,29.756543,-95.332424,73,48,53
701,2708 Winbern St Houston 77004,29.735921,-95.37522,79,75,82
702,2710 Freund Street Houston 77003,29.756543,-95.332424,73,48,53
703,2712 Polk St Houston 77003,29.737272,-95.330093,62,63,71
704,2717 Fox St Houston 77003,29.7538159,-95.3291292,75,55,47
705,2718 Clay St Houston 77003,29.7425954,-95.3488777,74,66,54
706,2718 Jackson St Houston 77004,29.7379764,-95.3710648,77,76,73
707,2718 Leeland St  A Houston 77003,,,,,
708,2721 Sam Wilson St Houston 77020,29.777614,-95.314314,63,50,72
709,2723 Cohn St Houston 77007,29.7700061,-95.4218366,62,44,72
710,2727 Sherwin St Houston 77007,29.7804736,-95.4266205,41,45,56
711,2801 Cochran St Houston 77009,29.795693,-95.35612,57,54,68
712,2806 Austin Houston 77004,29.747401,-95.367393,78,95,83
713,2809 Elysian St Houston 77009,29.775539,-95.350514,64,64,48
714,2810 Austin Houston 77004,29.747401,-95.367393,78,95,83
715,2811 Rusk St Houston 77003,29.761383,-95.368439,84,100,83
716,2818 Princeton Houston 77009,29.8102709,-95.3871677,59,44,61
717,282 E 28th St Houston 77008,29.812577,-95.383744,60,46,62
718,282 E 28th St Houston 77008,29.812577,-95.383744,60,46,62
719,2820 Clay Ave Houston 77003,,,,,
720,2820 Princeton St Houston 77009,29.8102709,-95.3871677,59,44,61
721,2822 Leeland St Houston 77003,29.7462585,-95.3581699,64,86,66
722,2830 Princeton St Houston 77009,29.8102709,-95.3871677,59,44,61
723,2900 Hamilton St #18 Houston 77004,,,,,
724,2904 Leeland St Houston 77003,29.7462585,-95.3581699,64,86,66
725,2907 Rosedale St Houston 77004,29.7278663,-95.3817602,72,67,74
726,2909&2915 Engelke St Houston 77003,29.7514187,-95.3301529,72,62,64
727,2922 Baer St Houston 77020,29.768011,-95.337539,49,49,55
728,2936 Commerce Houston 77003,29.749403,-95.335089,80,66,72
729,2944 Rusk Houston 77003,29.761383,-95.368439,84,100,83
730,2944 Rusk Houston 77003,29.761383,-95.368439,84,100,83
731,3 N Ennis St #0 Houston 77003,,,,,
732,3002 Dallas St Houston 77003,29.7587315,-95.3715182,79,99,83
733,3002 W Dallas St Houston 77003,29.7577645,-95.3744673,78,94,76
734,3003 Maxroy St Houston 77008,29.7875586,-95.4307943,41,46,21
735,3003 Maxroy St Houston 77008,29.7875586,-95.4307943,41,46,21
736,3005 Maxroy St Houston 77008,29.7875586,-95.4307943,41,46,21
737,3007 Maxroy St Houston 77008,29.7875586,-95.4307943,41,46,21
738,3007 Maxroy St Houston 77008,29.7875586,-95.4307943,41,46,21
739,3008 Hardy St Houston 77009,29.8144387,-95.3516818,35,40,35
740,3009B Bell St Houston 77003,29.748747,-95.360577,75,93,71
741,301 S 74th St Houston 77011,29.7296609,-95.2963166,71,48,61
742,3011 Preston Ave Houston 77003,,,,,
743,3012 McKinney Houston 77003,29.7453104,-95.3456288,73,67,44
744,3013 Preston Ave Houston 77003,,,,,
745,3014 Heritage Creek Terrace Houston 77008,29.7925057,-95.4316882,53,39,35
746,3015 Bell St Houston 77003,29.748747,-95.360577,75,93,71
747,3018 S Heights Hollow Ln Houston 77007,,,,,
748,3018 Wichita St Houston 77004,29.713384,-95.353136,77,57,61
749,3019 Gillespie St Houston 77020,29.767373,-95.333782,49,48,46
750,302 Payne St Houston 77009,29.784489,-95.369771,56,62,62
751,3023 Greenhaven Ln Houston 77092,29.816565,-95.455665,56,42,42
752,3024 Commerce St Houston 77003,29.749403,-95.335089,80,66,72
753,303 E 4th St Houston 77007,29.7778348,-95.3939622,74,44,64
754,3034 S Heights Hollow Ln Houston 77007,,,,,
755,304 Walton St Houston 77009,29.812466,-95.376249,53,54,49
756,304 Walton St Houston 77009,29.812466,-95.376249,53,54,49
757,3046 Commerce St Houston 77003,29.749403,-95.335089,80,66,72
758,305 E 33rd Houston 77018,29.817238,-95.404182,65,43,57
759,305 Reinicke St Houston 77007,,,,,
760,305 Reinicke St Houston 77007,,,,,
761,3051 S Heights Hollow Ln Houston 77007,,,,,
762,306 A Enid Street Houston 77009,29.807884,-95.375452,61,56,58
763,306 E 39th St Houston 77018,,,,,
764,306 N Saint Charles St Houston 77003,29.7581948,-95.3442946,83,72,79
765,306 Stiles St Houston 77011,29.7453544,-95.3256431,68,66,55
766,306 W 28th St Houston 77008,29.811999,-95.4060585,69,41,61
767,307 E 4th St Houston 77007,29.7778348,-95.3939622,74,44,64
768,307 Hagerman Houston 77011,29.7455344,-95.3288675,68,67,52
769,307 Northwood Houston 77009,29.807452,-95.378636,64,54,65
770,309 Clifton St Houston 77011,29.7404973,-95.3191049,66,66,59
771,309 Ennis St Houston 77003,29.751029,-95.343851,81,72,73
772,309 Morris St Houston 77009,29.782516,-95.362834,64,66,79
773,309 Pecore St Houston 77009,29.790572,-95.379369,59,48,66
774,310 McAlpine St Houston 77003,29.760693,-95.343252,80,66,68
775,310 McAlpine St Houston 77003,29.760693,-95.343252,80,66,68
776,310 N Saint Charles Houston 77003,,,,,
777,310 S Jensen Drive #1 Houston 77003,,,,,
778,310 W 6th St Houston 77007,29.7814613,-95.3982201,78,42,69
779,3104 Delano St Houston 77004,29.7285869,-95.364603,76,52,74
780,3105 Gillespie Street Houston 77020,29.767373,-95.333782,49,48,46
781,3105 Gillespie Houston 77020,29.767327,-95.338117,51,50,52
782,3106 Attridge Rd Houston 77018,29.814445,-95.41485,63,40,58
783,3106 Baer Street Houston 77020,29.768011,-95.337539,49,49,55
784,3106 Baer Street.. Houston 77020,29.768011,-95.337539,49,49,55
785,3106 Baer Street. Houston 77020,29.768011,-95.337539,49,49,55
786,3106 Baer Houston 77020,29.755016,-95.294102,33,38,11
787,3107 Gillespie Street Houston 77020,29.767373,-95.333782,49,48,46
788,3107 Gillespie Street Houston 77020,29.767373,-95.333782,49,48,46
789,3110 Hadley St Houston 77004,29.736713,-95.354285,68,59,66
790,3111 Gillespie Street Houston 77020,29.767373,-95.333782,49,48,46
791,3111 Gillespie Houston 77020,29.767327,-95.338117,51,50,52
792,3111 Gillespie Houston 77020,29.767327,-95.338117,51,50,52
793,3115 Heritage Creek Oaks Houston 77008,29.7919949,-95.4321629,53,40,29
794,312 E 28th St Houston 77008,29.812577,-95.383744,60,46,62
795,313 Ennis St Houston 77003,29.751029,-95.343851,81,72,73
796,315 Ennis St Houston 77003,29.751029,-95.343851,81,72,73
797,315 W 26th St Houston 77008,29.809843,-95.414797,58,42,55
798,316 EaDo Park Circle Houston 77020,,,,,
799,316 McAlpine St Houston 77003,29.760693,-95.343252,80,66,68
800,317 E Rogers St Houston 77022,29.843476,-95.3943,50,45,58
801,318 Eado Park Circle Houston 77020,,,,,
802,319 Caplin St Houston 77022,29.816367,-95.339491,38,50,34
803,320 E 37th St Houston 77018,,,,,
804,321 B W 26th St Houston 77008,29.809843,-95.414797,58,42,55
805,3212 Polk Street Houston 77003,29.737272,-95.330093,62,63,71
806,3213 Garrow Houston 77003,29.749827,-95.340161,80,69,73
807,3214 Polk Street Houston 77003,29.737272,-95.330093,62,63,71
808,3216 Binz St Houston 77004,29.7257218,-95.3894864,78,65,81
809,3216 Polk Street Houston 77003,29.737272,-95.330093,62,63,71
810,3218 Polk Street Houston 77003,29.737272,-95.330093,62,63,71
811,3220 Mckinney St Houston 77003,29.7476496,-95.3495096,79,73,64
812,3222 Mckinney St Houston 77003,29.7476496,-95.3495096,79,73,64
813,323 W 23rd St Houston 77008,29.8066926,-95.4224409,66,38,67
814,324 E 39th St Houston 77018,,,,,
815,324 EaDo Park Circle Houston 77020,,,,,
816,3255 Maxroy St Houston 77008,29.7875586,-95.4307943,41,46,21
817,326 E 39th St Houston 77018,,,,,
818,326 Eado Park Circle Houston 77020,,,,,
819,3277 Maxroy St Houston 77008,29.7875586,-95.4307943,41,46,21
820,328 EaDo Park Circle Houston 77020,,,,,
821,3291 Maxroy St Houston 77008,,,,,
822,3291 Maxroy St Houston 77008,29.7875586,-95.4307943,41,46,21
823,3305 A Jefferson Houston 77003,,,,,
824,3305 B Jefferson Houston 77003,,,,,
825,3305 C Jefferson Houston 77003,,,,,
826,3307 Baer St Houston 77020,29.768011,-95.337539,49,49,55
827,3308 Omega Houston 77022,29.8165499,-95.3850197,62,47,50
828,3309 Baer St Houston 77020,29.768011,-95.337539,49,49,55
829,3309 Baer St Houston 77020,29.768011,-95.337539,49,49,55
830,331 W 30th St Houston 77018,29.8138587,-95.4114043,65,41,64
831,3310 Omega Houston 77022,29.8165499,-95.3850197,62,47,50
832,3310 Pease St Houston 77003,29.7495292,-95.3654122,78,96,82
833,3315 Home Point Dr Houston 77018,,,,,
834,332 W 32nd St Houston 77018,29.81632705,-95.4142950559783,74,42,60
835,3320 B Cornell St Houston 77022,29.815259,-95.389325,62,42,46
836,3327 Palm St Houston 77004,29.7188409,-95.3697971,71,45,76
837,3329 New Garden View Ln Houston 77018,29.8185437,-95.4139894,74,44,54
838,3331 New Garden View Ln Houston 77018,29.8185437,-95.4139894,74,44,54
839,334 Forest Hill Blvd Houston Tx 77011,,,,,
840,336 EaDo Park Circle Houston 77020,,,,,
841,338 Eado Park Circle Houston 77020,,,,,
842,3411 Kensington Yellow Pl Houston 77008,,,,,
843,3413 Kensington Yellow Place Houston 77008,,,,,
844,3415 Kensington Yellow Place Houston 77008,,,,,
845,3416 Rosedale St Houston 77004,29.7278663,-95.3817602,72,67,74
846,342 EaDo Park Circle Houston 77020,,,,,
847,344 EaDo Park Circle Houston 77020,,,,,
848,344 Victoria Dr Houston 77022,29.8339424,-95.3850137,62,60,71
849,345 W 21st St Houston 77008,29.804798,-95.425766,76,36,76
850,346 EaDo Park Circle Houston 77020,,,,,
851,348 EaDo Park Circle Houston 77020,,,,,
852,3502 Cline St Houston 77020,29.7667094,-95.3356869,51,47,47
853,3504 Vista Terrace Houston 77018,,,,,
854,3510 Lyons Ave Houston 77020,29.776649,-95.296316,57,39,74
855,3512 Napavine Lane Houston 77008,,,,,
856,3514 Napavine Lane Houston 77008,,,,,
857,3516 Moore St Houston 77009,29.788072,-95.359452,59,63,69
858,3516 Napavine Lane Houston 77008,,,,,
859,3516 Napavine Houston 77008,,,,,
860,352 EaDo Park Circle Houston 77020,,,,,
861,353 W 26th St Houston 77008,29.809843,-95.414797,58,42,55
862,354 EaDo Park Circle Houston 77020,,,,,
863,3542 Cline St Houston 77020,29.7667094,-95.3356869,51,47,47
864,3542 Cline St Houston 77020,29.7667094,-95.3356869,51,47,47
865,3602 Oak Forest Dr Houston 77018,29.8378924,-95.4358701,45,40,35
866,3608 Chenevert St Houston 77004,29.7372415,-95.370401,74,75,74
867,3613 Cedar Vista Lane Houston 77018,,,,,
868,3616 Market Houston 77020,29.755016,-95.294102,33,38,11
869,3702 Kennon St Houston 77009,29.795006,-95.364277,59,59,74
870,3718 Moore St Houston 77009,29.788072,-95.359452,59,63,69
871,3719 Wentworth St Houston 77004,29.7308598,-95.384292,74,69,85
872,3802 Center St Houston 77007,29.7699659,-95.3931667,59,46,71
873,3802 Olde Bourbon Ln Houston 77018,,,,,
874,3808 Commerce Houston 77003,29.749403,-95.335089,80,66,72
875,3808 Commerce Houston 77003,29.749403,-95.335089,80,66,72
876,3810 Ella Blv Houston 77018,29.8281444,-95.4295727,64,41,71
877,3813 Fulton St Houston 77009,29.8105075,-95.3698173,48,57,42
878,3817 Elysian St Houston 77009,29.775539,-95.350514,64,64,48
879,3817 Elysian St Houston 77009,29.775539,-95.350514,64,64,48
880,3817 Elysian St Houston 77009,29.775539,-95.350514,64,64,48
881,3820 Center Plaza Dr Houston 77007,,,,,
882,3838 Searle Dr Houston 77009,29.7932126,-95.3678123,49,59,61
883,3848 Center St Houston 77007,29.7699659,-95.3931667,59,46,71
884,3872 Center St Houston 77007,29.7699659,-95.3931667,59,46,71
885,3911 Kennon St  A Houston 77009,,,,,
886,3915 Floyd St Houston 77007,29.7681304,-95.4219743,61,43,74
887,3947 Gibson Street Houston 77007,29.7668181,-95.408778,62,44,84
888,3950 Floyd St #14 Houston 77007,,,,,
889,3950 Floyd St #14 Houston 77007,,,,,
890,3950 Floyd St #6 Houston 77007,,,,,
891,4003 Feagan Street #5 Houston 77007,,,,,
892,4006D Feagan St Houston 77007,29.7666047,-95.4216799,60,44,69
893,401 Walton St Houston 77009,29.812466,-95.376249,53,54,49
894,4014 Blossom St Houston 77007,29.7674967,-95.4114914,61,44,83
895,4014 Blossom St Houston 77007,29.7674967,-95.4114914,61,44,83
896,4015 Pineridge St Houston 77009,29.7984708,-95.385194,60,48,78
897,402 E 25th St Houston 77008,29.8090766,-95.3974841,63,43,72
898,4033 Buck St Houston 77020,29.769986,-95.32503,62,47,46
899,4033 Buck St Houston 77020,29.769986,-95.32503,62,47,46
900,4035 Norhill Blvd Houston 77009,29.783475,-95.3859773,67,42,72
901,405 E 32nd St Houston 77018,29.815568,-95.394657,65,39,62
902,405 Sue St Houston 77009,29.807123,-95.365353,59,57,50
903,405 Sue St Houston 77009,29.807123,-95.365353,59,57,50
904,406 Barkley St Houston 77022,29.826592,-95.392032,59,51,56
905,406 Robert Lee Rd Houston 77009,29.809328,-95.374034,57,57,46
906,407 71st Houston 77011,29.742434,-95.296955,77,47,75
907,407 C N Nagle St Houston 77003,29.759059,-95.34126,82,64,63
908,407 E N Nagle St Houston 77003,29.759059,-95.34126,82,64,63
909,407 Hogan Street #407 Houston 77009,,,,,
910,408 N Cesar Chavez Blv Houston 77011,29.743898,-95.305637,71,49,78
911,408 Parker St Houston 77007,29.77123,-95.408358,62,45,84
912,409A W 17th St Houston 77008,29.800744,-95.410088,68,44,76
913,410 Birdsall St Houston 77007,29.768901,-95.420167,63,43,79
914,4106 N Bonner View Ln Houston 77007,,,,,
915,4107 Kolb St Houston 77007,29.777538,-95.404721,57,44,61
916,411 E Crosstimbers St #0 Houston 77022,,,,,
917,411 E Crosstimbers St Houston 77022,29.8286608,-95.34308,60,42,60
918,"411 W 17th St, Unit C Houston 77008",,,,,
919,4113 Eigel St Houston 77007,29.7748511,-95.4092201,57,44,82
920,4113 Eigel St Houston 77007,29.7748511,-95.4092201,57,44,82
921,4117 Dickson St Houston 77007,29.7656365,-95.4008694,82,50,75
922,4119 Barnes St Houston 77007,29.7689926,-95.4024843,67,46,83
923,411D W 17th St Houston 77008,29.800744,-95.410088,68,44,76
924,4127 Dickson St Houston 77007,29.7656365,-95.4008694,82,50,75
925,4129 Dickson St Houston 77007,29.7656365,-95.4008694,82,50,75
926,415 Jackson Hill St Houston 77007,29.7669262,-95.4018609,75,46,72
927,415 Kelley St Houston 77009,29.8131,-95.365431,45,55,47
928,415 N Marie Street Houston 77009,29.7783455,-95.3648842,68,69,69
929,416 Forest Hill Houston 77011,,,,,
930,417 W 8th Street Houston 77007,29.785086,-95.403271,75,42,52
931,419 T C Jester Boulevard Houston 77007,29.7805671,-95.4182139,53,40,55
932,4202 Gibson St Houston 77007,29.7668181,-95.408778,62,44,84
933,4202 Hain St Houston 77009,29.799928,-95.364769,60,58,65
934,4205 Bering St Houston 77003,29.7526429,-95.330087,75,59,51
935,4205 Terry Houston 77009,29.794055,-95.353139,51,52,61
936,4205 Terry Houston 77009,29.794055,-95.353139,51,52,61
937,4206 Hain St Houston 77009,29.799928,-95.364769,60,58,65
938,4207 E Hardy Street Houston 77009,,,,,
939,4207 Hershe St Houston 77020,29.778044,-95.318613,63,50,61
940,4209 Elysian Houston 77009,29.775539,-95.350514,64,64,48
941,4209 Marina St # B Houston 77007,,,,,
942,421 Harvard  D Houston 77007,29.7759758,-95.396178,68,45,59
943,4210 # A Eli St Houston 77007,29.773445,-95.4064804,,,
944,4210 # B Eli St Houston 77007,29.773445,-95.4064804,,,
945,4210 Eli St Houston 77007,29.773445,-95.4064804,60,46,80
946,4211 Hardy Street Houston 77009,29.8144387,-95.3516818,35,40,36
947,4212 Siegel St Houston 77009,29.800756,-95.366627,58,58,64
948,4214 Glebe Rd Houston 77018,29.830619,-95.450218,53,34,39
949,4218 Eli St Houston 77007,29.773445,-95.4064804,60,46,80
950,4219 Koehler Houston 77007,29.7741895,-95.4041734,62,46,77
951,4221 Rose Houston 77007,29.769016,-95.408319,61,45,81
952,4223 Robertson St Houston 77009,29.801739,-95.35729,65,52,61
953,423 Quitman St Houston 77009,29.779348,-95.369309,65,64,68
954,423 Quitman St Houston 77009,29.779348,-95.369309,65,64,68
955,4246 T C Jester Boulevard Houston 77018,29.8202065,-95.4488525,67,40,59
956,4254 T C Jester Blv Houston 77018,29.8202065,-95.4488525,67,40,59
957,427 Jackson Hill St Houston 77007,29.7669262,-95.4018609,75,46,72
958,428 Neyland St Houston 77022,29.826323,-95.380048,59,61,62
959,430 Columbia St Houston 77007,29.816059,-95.39355,65,39,62
960,4301 Dickson St A Houston 77007,,,,,
961,4301 Dickson St A Houston 77007,,,,,
962,4305 Eigel St Houston 77007,29.7748511,-95.4092201,57,44,82
963,4305 Eigel St Houston 77007,29.7748511,-95.4092201,57,44,82
964,4305 Julian Houston 77009,29.796415,-95.382279,59,48,77
965,4307 Chapman Houston 77009,29.794039,-95.354152,51,52,61
966,4307 Piney Woods Dr Houston 77018,29.825551,-95.440175,52,39,46
967,431 Lindale St Houston 77022,29.818007,-95.364034,50,54,47
968,431 W 30th St Houston 77018,29.8138587,-95.4114043,65,41,64
969,4310 Rose St A Houston 77007,,,,,
970,4312 Floyd St  C Houston 77007,,,,,
971,4312 Floyd St  C Houston 77007,,,,,
972,4314 Allen St Houston 77007,29.772365,-95.405338,62,46,83
973,4314 Cetti St Houston 77009,29.7931843,-95.3590127,60,57,65
974,4315 Piney Woods Dr Houston 77018,29.825551,-95.440175,52,39,46
975,4320 Allen Houston 77007,29.772365,-95.405338,62,46,83
976,4321 Center St Houston 77007,29.7699659,-95.3931667,59,46,71
977,4323 Marina St  A Houston 77007,,,,,
978,4324 O'Reilly St Houston 77007,,,,,
979,4330 Oreilly St Houston 77007,,,,,
980,439 Van Molan St Houston 77022,29.829402,-95.370517,56,57,59
981,4401 Brookwoods Dr Houston 77092,29.812534,-95.451873,50,43,49
982,4401 Lido Ln Houston 77092,29.833278,-95.466557,51,39,44
983,4403 Arnell Houston 77018,29.8371765,-95.450394,54,35,26
984,4404 Center St Houston 77007,29.7699659,-95.3931667,59,46,71
985,4405 B Austin Steet Houston 77004,,,,,
986,4405 Schuler St Houston 77007,29.7725768,-95.415454,65,42,82
987,4405 Schuler St Houston 77007,29.7725768,-95.415454,65,42,82
988,4408 Koehler St  A Houston 77007,,,,,
989,4410 Feagan St  D Houston 77007,,,,,
990,4410 Feagan St  E Houston 77007,,,,,
991,4410 Feagan St  F Houston 77007,,,,,
992,4412 Blossom St Houston 77007,29.7674967,-95.4114914,61,44,83
993,4414 Austin St Houston 77004,29.747401,-95.367393,78,95,83
994,4414 Belle Glade Dr Houston 77018,29.8390894,-95.4471227,35,35,7
995,4414 Edsee St Houston 77009,29.797926,-95.380706,57,50,79
996,4415 Arnell Dr Houston 77018,29.8371765,-95.450394,54,35,26
997,4421 Nina Lee Ln Houston 77092,29.831667,-95.458013,61,34,41
998,4422 Nina Lee Ln Houston 77092,29.831667,-95.458013,61,34,41
999,4423 Harvard St Houston 77018,29.829258,-95.399181,54,49,60
1000,443 Exchange St Houston 77020,29.791661,-95.291466,31,37,11
1001,4431 Eigel St Houston 77007,29.7748511,-95.4092201,57,44,82
1002,4431 Eigel St Houston 77007,29.7748511,-95.4092201,57,44,82
1003,4433 Eigel St Houston 77007,29.7748511,-95.4092201,57,44,82
1004,4435 Eigel St Houston 77007,29.7748511,-95.4092201,57,44,82
1005,4439 Spencer St Houston 77007,29.7751917,-95.4041781,60,45,73
1006,444 Oxford St Houston 77007,29.7861655,-95.3919321,71,43,69
1007,4443 Castor St Houston 77022,29.827046,-95.388221,63,57,59
1008,4443 Castor St Houston 77022,29.827046,-95.388221,63,57,59
1009,4444 Center St Houston 77007,29.7699659,-95.3931667,59,46,71
1010,450 North Live Oak Street Houston 77003,29.760061,-95.341598,79,63,61
1011,4503 Cornish St Houston 77007,29.778453,-95.41169,57,40,78
1012,4505 Cornish St Houston 77007,29.778453,-95.41169,57,40,78
1013,4506 Averill St Houston 77009,29.799944,-95.363846,62,57,64
1014,"4508 Maxie St, Unit A Houston 77007",,,,,
1015,"4508 Maxie St, Unit A Houston 77007",,,,,
1016,4509 Floyd St Houston 77007,29.7681304,-95.4219743,61,43,74
1017,4513 Cornish St Houston 77007,29.778453,-95.41169,57,40,78
1018,4514 Eigel Houston 77007,29.7748511,-95.4092201,57,44,82
1019,4514 W 43rd St Houston 77092,29.8323728,-95.4615076,53,37,42
1020,4516 Eigel Houston 77007,29.7748511,-95.4092201,57,44,82
1021,4516 Rose St Houston 77007,29.769016,-95.408319,61,45,81
1022,4517 Eigel St Houston 77007,29.7748511,-95.4092201,57,44,82
1023,4517 Feagan St  Apt A Houston 77007,,,,,
1024,4520 Eigel St Houston 77007,29.7748511,-95.4092201,57,44,82
1025,4520 Sharon St Houston 77020,29.7716403,-95.326175,65,47,51
1026,4602 Hershe St Houston 77020,29.778044,-95.318613,63,50,61
1027,4605 Fulton St Houston 77009,29.8105075,-95.3698173,48,57,42
1028,4607 Inker St Houston 77007,29.7754883,-95.4158591,61,42,72
1029,4608 Nett  D Houston 77007,29.7719398,-95.4090697,61,45,83
1030,4608 Nett St  E Houston 77007,,,,,
1031,4611 A Terry Houston 77009,29.794055,-95.353139,51,52,61
1032,4611 B Terry Houston 77009,,,,,
1033,4614 Northrup Dr Houston 77092,29.836772,-95.479752,54,39,50
1034,4622 N Ella Blvd Houston 77018,,,,,
1035,4630 Ella blvd Houston 77018,29.8281444,-95.4295727,64,41,71
1036,4636 Cornish St Houston 77007,29.778453,-95.41169,57,40,78
1037,4640 Cornish St Houston 77007,29.778453,-95.41169,57,40,78
1038,466 North Live Oak Street Houston 77003,29.760061,-95.341598,79,63,61
1039,4703 Golf Dr Houston 77018,29.839323,-95.4251511,42,41,38
1040,4711 Edison St Houston 77009,29.7932383,-95.3628343,60,59,68
1041,4711 Sharon St Houston 77020,29.7716403,-95.326175,65,47,51
1042,4713 Vernon St Houston 77020,29.772183,-95.335751,54,52,61
1043,4802 Ella Blvd Houston 77018,29.8281444,-95.4295727,64,41,71
1044,4818 Blanton Blv Houston 77092,29.836929,-95.457766,56,35,40
1045,4822 Ella Blv Houston 77018,29.8281444,-95.4295727,64,41,71
1046,4823 Apollo St Houston 77018,29.827551,-95.428418,68,41,67
1047,4828 Austin St Houston 77004,29.747401,-95.367393,78,95,83
1048,4901 Floyd #15 Houston 77007,29.7681304,-95.4219743,,,
1049,4901 Floyd Houston 77007,29.7681304,-95.4219743,61,43,74
1050,4902 Blanton Blv Houston 77092,29.836929,-95.457766,56,35,40
1051,4908 Feagan St Houston 77007,29.7666047,-95.4216799,60,44,69
1052,4911 La Branch St  A Houston 77004,,,,,
1053,4913 Sharman St Houston 77009,29.8034519,-95.3697641,59,58,63
1054,4920 Labranch Houston 77004,,,,,
1055,4923 Apollo St Houston 77018,29.827551,-95.428418,68,41,67
1056,4924 Ella Blvd Houston 77018,29.8281444,-95.4295727,64,41,71
1057,4926 Ella Blvd Houston 77018,29.8281444,-95.4295727,64,41,71
1058,4928 Ella Blvd Houston 77018,29.8281444,-95.4295727,64,41,71
1059,4930 Saxon Dr Houston 77092,29.825741,-95.478978,50,43,53
1060,5001 Hardy Houston 77009,29.8144387,-95.3516818,35,40,36
1061,5004 Terry St Houston 77009,29.794055,-95.353139,51,52,61
1062,5004 terry Houston 77009,29.794055,-95.353139,51,52,61
1063,5005 Dickson St Houston 77007,29.7656365,-95.4008694,82,50,75
1064,5008 Blossom St Houston 77007,29.7674967,-95.4114914,61,44,83
1065,5018 Gano St Houston 77009,29.780449,-95.354652,63,63,72
1066,5021 De Milo Houston 77092,29.83381,-95.474514,59,40,56
1067,5021 Inker St Houston 77007,29.7754883,-95.4158591,61,42,72
1068,5034 Nina Lee Ln Houston 77092,29.831667,-95.458013,61,34,41
1069,5034 Nina Lee Ln Houston 77092,29.831667,-95.458013,61,34,41
1070,505 E 40th St Houston 77022,29.8215939,-95.3824805,53,50,41
1071,505 Jackson Hill St #308 Houston 77007,,,,,
1072,505 Jackson Hill St #309 Houston 77007,,,,,
1073,505 Woodard Houston 77009,29.8109271,-95.3611049,48,53,53
1074,506 Azaleadell Dr Houston 77018,29.8291652,-95.4142884,52,45,25
1075,507 Kelley St Houston 77009,29.8131,-95.365431,45,55,47
1076,508 26th Street Houston 77008,29.809843,-95.414797,58,42,55
1077,5086 Augusta St #9 Houston 77007,,,,,
1078,509 W 10th St Houston 77008,29.7887641,-95.4033363,77,43,65
1079,5105 Sherman Houston 77011,29.735602,-95.295293,70,49,72
1080,5107 Blossom St Houston 77007,29.7674967,-95.4114914,61,44,83
1081,5109 Larkin St  C Houston 77007,,,,,
1082,5110 Nina Lee Ln Houston 77092,29.831667,-95.458013,61,34,41
1083,5110 Prosperity Cir Houston 77018,29.8401111,-95.4245815,41,41,33
1084,5114 W. 43rd Houston 77092,,,,,
1085,5115 Alba Rd Houston 77018,29.8228622,-95.4203379,73,44,58
1086,5116 Larkin St Houston 77007,29.7791091,-95.4181843,56,41,63
1087,5118 Gibson Houston 77007,29.7668181,-95.408778,62,44,84
1088,5119 Nett Houston 77007,29.7719398,-95.4090697,61,45,83
1089,512 Asbury St Houston 77007,29.7689188,-95.4184893,64,43,78
1090,512 Asbury St Houston 77007,29.7689188,-95.4184893,64,43,78
1091,5125 De Milo Dr Houston 77092,29.83381,-95.474514,59,40,56
1092,5125 Elysian Houston 77009,29.775539,-95.350514,64,64,48
1093,5131 Saxon Houston 77092,29.825741,-95.478978,50,43,53
1094,515 E 28th St Houston 77008,29.812577,-95.383744,60,46,62
1095,515 W 30th St Houston 77018,29.8138587,-95.4114043,65,41,64
1096,516 Tabor St Houston 77009,29.7999773,-95.37721,57,54,70
1097,517 Northwood St Houston 77009,29.807452,-95.378636,64,54,65
1098,517 Northwood St Houston 77009,29.807452,-95.378636,64,54,65
1099,518 E 28th St Houston 77008,29.812577,-95.383744,60,46,62
1100,518 W 28th Houston 77008,29.811999,-95.4060585,69,41,61
1101,519 E 28th St Houston 77008,29.812577,-95.383744,60,46,62
1102,5202 Memorial Houston 77007,29.7644044,-95.4311463,48,36,22
1103,5202 Memorial Houston 77007,29.7644044,-95.4311463,48,36,22
1104,5206-A Hershe Houston 77020,29.778044,-95.318613,63,50,61
1105,5206-B Hershe Houston 77020,29.778044,-95.318613,63,50,61
1106,5206 Lillian St Houston 77007,29.7696089,-95.4172773,64,43,78
1107,5206 Petty St #B Houston 77007,,,,,
1108,5207 Barrett St Houston 77022,29.8435574,-95.387301,56,46,61
1109,5208 Cornish St Houston 77007,29.778453,-95.41169,57,40,78
1110,5209 Blossom St  A Houston 77007,,,,,
1111,5210 Feagan St Houston 77007,29.7666047,-95.4216799,60,44,69
1112,5210 Gibson St  B Houston 77007,,,,,
1113,5211 Eigel St  E Houston 77007,,,,,
1114,5211B Larkin St Houston 77007,29.7791091,-95.4181843,56,41,63
1115,5213 Eigel St  C Houston 77007,,,,,
1116,5214 Eigel St  K Houston 77007,,,,,
1117,5214 Robertson St Houston 77009,29.801739,-95.35729,65,52,61
1118,5214B Rose St Houston 77007,29.769016,-95.408319,61,45,81
1119,5218 Petty  A Houston 77007,29.780593,-95.415933,54,39,54
1120,5219 Inker St Houston 77007,29.7754883,-95.4158591,61,42,72
1121,522 B Allston St Houston 77007,29.794342,-95.400139,68,43,70
1122,522 E 40th 1/2 St Houston 77022,29.822707,-95.398949,56,47,61
1123,5223A Larkin St Houston 77007,,,,,
1124,5223B Larkin St Houston 77007,29.7791091,-95.4181843,56,41,63
1125,"5224 Darling, B Houston 77007",29.7797767,-95.4243294,49,44,58
1126,5226 Kiam 1003 Houston 77007,,,,,
1127,5226 Kiam 1013 Houston 77007,,,,,
1128,5236 Kiam St Houston 77007,29.781321,-95.415938,54,39,54
1129,5236 Kiam St Houston 77007,29.781321,-95.415938,54,39,54
1130,5237 Gibson St Houston 77007,29.7668181,-95.408778,62,44,84
1131,524 E 28th St Houston 77008,29.812577,-95.383744,60,46,62
1132,527 A Pecore St Houston 77009,29.790572,-95.379369,59,48,66
1133,527 Pecore Houston 77009,29.790572,-95.379369,59,48,66
1134,530 Westcross Houston 77018,29.8279651,-95.4077327,62,47,54
1135,5303 Blossom St #2 Houston 77007,,,,,
1136,5305 Nett St  A Houston 77007,,,,,
1137,5305 Schuler St B Houston 77007,,,,,
1138,5308 A Larkin St Houston 77007,,,,,
1139,5308 Schuler St Houston 77007,29.7725768,-95.415454,65,42,82
1140,5309 Egbert St  B Houston 77007,,,,,
1141,5311A Lillian St Houston 77007,29.7696089,-95.4172773,64,43,78
1142,5313 Gibson St Houston 77007,29.7668181,-95.408778,62,44,84
1143,5313 Lillian St Houston 77007,29.7696089,-95.4172773,64,43,78
1144,5316 Feagan St Houston 77007,29.7666047,-95.4216799,60,44,69
1145,5319 B Feagan St Houston 77007,,,,,
1146,5319 B Feagan Houston 77007,29.7666047,-95.4216799,60,44,69
1147,5321 Avenue J Houston 77011,29.74959,-95.322541,59,59,49
1148,5323 Inker St Houston 77007,29.7754883,-95.4158591,61,42,72
1149,5325B Petty Houston 77007,29.780593,-95.415933,54,39,54
1150,5326 Larkin Houston 77007,29.7791091,-95.4181843,56,41,63
1151,533 Comile Houston 77022,29.820041,-95.367987,42,56,41
1152,5331 Poinciana Dr Houston 77092,29.825252,-95.467678,58,40,51
1153,5332a Petty St  A Houston 77007,29.780593,-95.415933,54,39,54
1154,5334 Darling St  B Houston 77007,,,,,
1155,5336 Darling St  B Houston 77007,,,,,
1156,5341  E Nolda Houston 77007,,,,,
1157,5342 Darling St  A Houston 77007,,,,,
1158,5402 Deep Forest Houston 77092,29.849479,-95.475496,42,36,41
1159,5404 Rose St Houston 77007,29.769016,-95.408319,61,45,81
1160,5405 N Capitol Houston 77011,,,,,
1161,5406 Darling St. Unit A Houston 77007,,,,,
1162,5406 Lacy St Houston 77007,29.7643459,-95.4217606,58,42,61
1163,5408 Lacy St Houston 77007,29.7643459,-95.4217606,58,42,61
1164,5408 Lacy Houston 77007,29.7643459,-95.4217606,58,42,61
1165,5408 Nolda St Houston 77007,29.7761707,-95.4200547,59,41,68
1166,5410 W 43rd St Houston 77092,29.8323728,-95.4615076,53,37,42
1167,5411 Larkin Street Houston 77007,29.7791091,-95.4181843,56,41,63
1168,5411 Larkin Houston 77007,29.7791091,-95.4181843,56,41,63
1169,5411 Larkin Houston 77007,29.7791091,-95.4181843,56,41,63
1170,5411 Lillian St Houston 77007,29.7696089,-95.4172773,64,43,78
1171,5416 Kiam  B Houston 77007,29.781321,-95.415938,54,39,54
1172,5418 Gibson St Houston 77007,29.7668181,-95.408778,62,44,84
1173,5422 Cornish St Houston 77007,29.778453,-95.41169,57,40,78
1174,5422 Nolda St Houston 77007,29.7761707,-95.4200547,59,41,68
1175,5422 Nolda Houston 77007,29.7761707,-95.4200547,59,41,68
1176,5423 Kansas St Houston 77007,29.7820257,-95.4183705,51,40,48
1177,5424 San Jose St Houston 77020,29.7721852,-95.3161536,66,50,71
1178,5428 Cornish St Houston 77007,29.778453,-95.41169,57,40,78
1179,5430 Kiam St Houston 77007,29.781321,-95.415938,54,39,54
1180,5432 Crooms St Houston 77007,29.7634661,-95.4174391,53,44,67
1181,5436 Crooms St Houston 77007,29.7634661,-95.4174391,53,44,67
1182,5436 Crooms St Houston 77007,29.7634661,-95.4174391,53,44,67
1183,544 W 24th St Houston 77008,29.807757,-95.418138,58,41,54
1184,5469 Larkin St Houston 77007,29.7791091,-95.4181843,56,41,63
1185,5507 Hialeah Dr Houston 77092,29.826566,-95.472057,59,42,59
1186,5507 N Rose St Houston 77007,,,,,
1187,5508 Lacy St Houston 77007,29.7643459,-95.4217606,58,42,61
1188,5508 Petty St Houston 77007,29.780593,-95.415933,54,39,54
1189,5509 Kansas  A Houston 77007,29.7820257,-95.4183705,51,40,48
1190,5510 C Kansas Houston 77007,,,,,
1191,5512 Larkin St Houston 77007,29.7791091,-95.4181843,56,41,63
1192,5515 Crooms St Houston 77007,29.7634661,-95.4174391,53,44,67
1193,5517 Petty St Houston 77007,29.780593,-95.415933,54,39,54
1194,5518 Crooms Houston 77007,29.7634661,-95.4174391,53,44,67
1195,5521 Petty Houston 77007,29.780593,-95.415933,54,39,54
1196,"5525 Petty, B Houston 77007",29.780593,-95.415933,54,39,54
1197,5530 Cornish Houston 77007,29.778453,-95.41169,57,40,78
1198,5535 Darling St Houston 77007,29.7797767,-95.4243294,49,44,58
1199,5602 Elysian St Houston 77009,29.775539,-95.350514,64,64,48
1200,5613 Petty St Houston 77007,29.780593,-95.415933,54,39,54
1201,5614 C Darling St Houston 77007,29.7797767,-95.4243294,49,44,58
1202,5614 Darling St #C Houston 77007,,,,,
1203,5615 Darling St Houston 77007,29.7797767,-95.4243294,49,44,58
1204,5615 Darling St Houston 77007,29.7797767,-95.4243294,49,44,58
1205,5615 Kiam St  B Houston 77007,,,,,
1206,5623 C Kansas Houston 77007,,,,,
1207,5648 Larkin St Houston 77007,29.7791091,-95.4181843,56,41,63
1208,5648 Larkin St Houston 77007,29.7791091,-95.4181843,56,41,63
1209,5656 Darling St Houston 77007,29.7797767,-95.4243294,49,44,58
1210,5656 Darling St Houston 77007,29.7797767,-95.4243294,49,44,58
1211,5708 Petty St  A Houston 77007,,,,,
1212,5711 Brady St Houston 77011,29.745118,-95.321214,67,65,62
1213,5711 Sherman St Houston 77011,29.735602,-95.295293,70,49,72
1214,5714 Venice St Houston 77007,29.7628324,-95.4217008,55,42,64
1215,5717A Cornish St Houston 77007,29.778453,-95.41169,57,40,78
1216,5722 Venice St Houston 77007,29.7628324,-95.4217008,55,42,64
1217,5723 Arabelle Lake St Houston 77007,,,,,
1218,5725 C Darling St Houston 77007,,,,,
1219,5732 Petty St  A Houston 77007,,,,,
1220,5732A Darling St  A Houston 77007,29.7797767,-95.4243294,49,44,58
1221,5739 A Kansas St Houston 77007,,,,,
1222,5743- D Kansas Houston 77007,,,,,
1223,5743 Kansas  D Houston 77007,29.7820257,-95.4183705,51,40,48
1224,5743 Kiam Street Unit C Houston 77007,,,,,
1225,5747 Kansas St Houston 77007,29.7820257,-95.4183705,51,40,48
1226,5800 Lumberdale Rd #26 Houston 77092,,,,,
1227,5805 Darling St  C Houston 77007,,,,,
1228,5807 Maxie Houston 77007,29.7740944,-95.4110015,61,44,84
1229,5811 A Petty St Houston 77007,29.780593,-95.415933,54,39,54
1230,5811 B Petty St Houston 77007,29.780593,-95.415933,54,39,54
1231,5811 C Petty St Houston 77007,,,,,
1232,5811 Fulton Houston 77009,29.8105075,-95.3698173,48,57,42
1233,5811 Lacy St Houston 77007,29.7643459,-95.4217606,58,42,61
1234,5812 Langfield Rd #5812 Houston 77092,,,,,
1235,5813 A Petty St Houston 77007,29.780593,-95.415933,54,39,54
1236,5813 B Petty St Houston 77007,29.780593,-95.415933,54,39,54
1237,5813 C Petty St Houston 77007,,,,,
1238,5813 Washington Ave  A Houston 77007,,,,,
1239,5813 Washington Ave  A Houston 77007,,,,,
1240,5817 Darling St  F Houston 77007,,,,,
1241,5817 Feagan St Houston 77007,29.7666047,-95.4216799,60,44,69
1242,5817 Washington Ave Houston 77007,29.7689273,-95.3914073,62,46,72
1243,5821 Washington Ave Houston 77007,29.7689273,-95.3914073,62,46,72
1244,5822 Darling St Houston 77007,29.7797767,-95.4243294,49,44,58
1245,5826 Spruce Forest Dr Houston 77092,29.844471,-95.475804,57,38,68
1246,"5832 Darling St , #2 Houston 77007",,,,,
1247,5840 Larkin Houston 77007,29.7791091,-95.4181843,56,41,63
1248,5849 Kiam St Houston 77007,29.781321,-95.415938,54,39,54
1249,5857  Kiam St Houston 77007,29.781321,-95.415938,54,39,54
1250,5857 Kiam Houston 77007,29.781321,-95.415938,54,39,54
1251,5911 Katy St Houston 77007,29.782531,-95.428908,38,46,41
1252,5916 Center St Houston 77007,29.7699659,-95.3931667,59,46,71
1253,5919 Schuler St Houston 77007,29.7725768,-95.415454,65,42,82
1254,5929 Kiam St Houston 77007,29.781321,-95.415938,54,39,54
1255,5932 Kiam Houston 77007,29.781321,-95.415938,54,39,54
1256,5938 Kansas St Houston 77007,29.7820257,-95.4183705,51,40,48
1257,5939 Kansas St Houston 77007,29.7820257,-95.4183705,51,40,48
1258,5962 Kansas St Houston 77007,29.7820257,-95.4183705,51,40,48
1259,6005 Kansas St C Houston 77007,,,,,
1260,6007 Kansas C Houston 77007,,,,,
1261,6009B Hamman St Houston 77007,29.7759418,-95.4261771,51,43,70
1262,6012 Clyde St Houston 77007,29.7753931,-95.4233386,53,44,67
1263,6014 Schuler St Houston 77007,29.7725768,-95.415454,65,42,82
1264,602 E 26th St Houston 77008,29.811219,-95.383754,59,47,64
1265,603 Jewett Houston 77009,29.7990551,-95.3746802,53,57,67
1266,603 Jewett Houston 77009,29.7990551,-95.3746802,53,57,67
1267,603 Vincent St Houston 77009,29.7981221,-95.3729898,50,56,66
1268,6030 Lynwood Banks Ln Houston 77092,29.8384005,-95.4815918,48,38,38
1269,604 # B W 28th St Houston 77008,29.811999,-95.4060585,,,
1270,605 Jewett Street Houston 77009,29.7990551,-95.3746802,53,57,67
1271,605 Jewett Houston 77009,29.7990551,-95.3746802,53,57,67
1272,605 Jewett Houston 77009,29.7990551,-95.3746802,53,57,67
1273,605 W 20th St Houston 77008,29.8039647,-95.3985626,70,45,86
1274,606 # B W 28th St Houston 77008,29.811999,-95.4060585,,,
1275,606 #A W 28th St Houston 77008,29.811999,-95.4060585,,,
1276,606 Sue St Houston 77009,29.807123,-95.365353,59,57,50
1277,607 Archer St Houston 77009,29.7971341,-95.3738203,50,56,67
1278,607 Cordell St Houston 77009,29.7990551,-95.3746802,53,57,67
1279,607 Jewett St Houston 77009,29.7990551,-95.3746802,53,57,67
1280,607 Jewett Houston 77009,29.7990551,-95.3746802,53,57,67
1281,607 Jewett Houston 77009,29.7990551,-95.3746802,53,57,67
1282,607 W 20th Houston 77008,29.8039647,-95.3985626,70,45,86
1283,608 # A W 28th St Houston 77008,29.811999,-95.4060585,,,
1284,608 # B W 28th St Houston 77008,29.811999,-95.4060585,,,
1285,608 Cordell St Houston 77009,29.7990551,-95.3746802,53,57,67
1286,608 Middle Street  F Houston 77003,,,,,
1287,608 Middle Street  F Houston 77003,,,,,
1288,608 Middle Street  H Houston 77003,,,,,
1289,609 Moody St Houston 77009,29.804233,-95.359183,65,54,61
1290,610 Enid St Houston 77009,29.807884,-95.375452,61,56,58
1291,6103 Queenswood Ln Houston 77008,29.786753,-95.422853,49,41,19
1292,6118 Clyde St Houston 77007,29.7753931,-95.4233386,53,44,67
1293,612 E 20  B Houston 77008,,,,,
1294,612 E 29th St Houston 77008,29.813109,-95.391334,65,38,57
1295,6120 Maxie  C Houston 77007,,,,,
1296,6122 Tyne St Houston 77007,29.7747055,-95.4233256,53,44,67
1297,613 Knox St Houston 77007,29.761265,-95.4209414,52,41,60
1298,6130 Greenmont Dr Houston 77092,29.8466257,-95.4789985,43,35,45
1299,615 Mazal Ln Houston 77009,,,,,
1300,617 Nagle Houston 77003,29.742485,-95.35374,66,68,51
1301,617 Roy St Houston 77007,29.779182,-95.412661,58,36,76
1302,619 W 24th Street Houston 77008,29.807757,-95.418138,58,41,54
1303,620 Birdsall St Houston 77007,29.768901,-95.420167,63,43,79
1304,621 Mazal Ln Houston 77009,,,,,
1305,6219 Wynnwood Ln Houston 77008,29.793986,-95.440727,46,40,35
1306,622 E 27th St Houston 77008,29.8114386,-95.3924352,59,44,59
1307,622 Knox St Houston 77007,29.761265,-95.4209414,52,41,60
1308,6235 Abington Way Houston 77008,29.788678,-95.422059,56,39,20
1309,624 Knox Houston 77007,29.761265,-95.4209414,52,41,60
1310,624 Knox Houston 77007,29.761265,-95.4209414,52,41,60
1311,627 Hartman St Houston 77007,29.7684548,-95.3992379,70,46,77
1312,630 W 22nd St #A Houston 77008,,,,,
1313,6308 Calder St Houston 77007,29.7752,-95.42555,52,44,73
1314,6314 Hamman St Houston 77007,29.7759418,-95.4261771,51,43,70
1315,632 W 17th St Houston 77008,29.800744,-95.410088,68,44,76
1316,637 Rutland St #3 Houston 77007,,,,,
1317,637 Rutland St #7 Houston 77007,,,,,
1318,638 E 26th St Houston 77008,29.811219,-95.383754,59,47,64
1319,639A W 17th St Houston 77008,29.800744,-95.410088,68,44,76
1320,6409 Prague St Houston 77007,29.7732788,-95.4273647,51,44,71
1321,6410 Woodbrook Ln Houston 77008,29.790203,-95.421447,65,34,28
1322,6435 Cindy Ln Houston 77008,29.7955394,-95.429919,63,36,63
1323,6439 Lindyann Ln Houston 77008,29.7964097,-95.4300478,63,36,63
1324,6439 Lindyann Ln Houston 77008,29.7964097,-95.4300478,63,36,63
1325,6439 Lindyann Ln Houston 77008,29.7964097,-95.4300478,63,36,63
1326,645 Hartman Houston 77007,29.7684548,-95.3992379,70,46,77
1327,650 Westcross St #10 Houston 77018,,,,,
1328,650 Westcross St #2 Houston 77018,,,,,
1329,650 Westcross St #51 Houston 77018,,,,,
1330,650 Westcross St #51 Houston 77018,,,,,
1331,6522 Calder Street Houston 77007,29.7752,-95.42555,52,44,73
1332,6528 Calder St Houston 77007,29.7752,-95.42555,52,44,73
1333,6528 Calder St Houston 77007,29.7752,-95.42555,52,44,73
1334,6533 Enid St Houston 77022,29.8178888,-95.3752324,48,57,39
1335,6534 Wynnwood Ln Houston 77008,29.793986,-95.440727,46,40,35
1336,654 Nagle St Houston 77003,29.754066,-95.34544,77,77,71
1337,6605 Letein St Houston 77007,29.785033,-95.432516,36,47,18
1338,6607 Victoria St Houston 77020,29.782899,-95.305261,53,45,62
1339,6609 Letein St Houston 77008,29.785033,-95.432516,36,47,18
1340,6612 Avenue L Houston 77011,29.750927,-95.320225,53,55,45
1341,6637 Feldspar St Houston 77092,29.82911,-95.488132,56,39,58
1342,6669 Limestone St Houston 77092,29.826145,-95.492134,51,40,52
1343,6702 Sussex Manor ST Houston 77055,,,,,
1344,6705 Avenue C St #3 Houston 77011,,,,,
1345,6717 Avenue H Houston 77011,29.74813,-95.3249,69,63,57
1346,6719 Grovewood Ln Houston 77008,29.7937446,-95.4170001,65,38,36
1347,6806 Avenue I Houston 77011,29.74824,-95.321462,63,61,56
1348,6836 Avenue C Houston 77011,29.734916,-95.29557,68,49,72
1349,6928 Avenue U Houston 77011,29.75043,-95.300683,52,40,58
1350,699 Reinerman St Houston 77007,29.779897,-95.413623,58,37,72
1351,7 Latham St Houston 77011,29.743158,-95.318664,67,66,64
1352,7010 Schiller St Houston 77055,29.798553,-95.470787,52,45,52
1353,7027 Avenue C Houston 77011,29.734916,-95.29557,68,49,72
1354,704 Allston  B Houston 77007,29.794342,-95.400139,68,43,70
1355,704 E 24th St Houston 77008,29.807721,-95.3959743,65,44,69
1356,704 W 8th Houston 77007,,,,,
1357,704 Warner St Houston 77022,29.840743,-95.365899,47,45,55
1358,705 Schwartz Street Houston 77020,29.767354,-95.340858,61,51,45
1359,705 Wendel St  A Houston 77009,,,,,
1360,706 E 25th St Houston 77008,29.8090766,-95.3974841,63,43,72
1361,706 English St Houston 77009,29.807869,-95.365367,55,58,49
1362,706 Hartman St Houston 77007,29.7684548,-95.3992379,70,46,77
1363,706 Usener St Houston 77009,29.78064,-95.381994,64,40,62
1364,706 Vincent St Houston 77009,29.7981221,-95.3729898,50,56,66
1365,708 Aurora St Houston 77009,29.810543,-95.382691,58,49,65
1366,708 Reinicke St Houston 77007,,,,,
1367,709 E Burress St Houston 77022,29.841504,-95.394328,49,46,45
1368,709 Enid Houston 77009,29.807884,-95.375452,61,56,58
1369,709 Waverly St Houston 77007,29.7905881,-95.4044932,72,41,70
1370,710 Jackson Hill Houston 77007,,,,,
1371,710 Le Green St Houston 77008,29.798509,-95.389732,61,49,69
1372,710 Roy St Houston 77007,29.779182,-95.412661,58,36,76
1373,711 Reinicke St Houston 77007,,,,,
1374,7115 Avenue F Houston 77011,29.740339,-95.304878,75,50,81
1375,7118 Avenue L Houston 77011,29.750927,-95.320225,53,55,45
1376,712 Eleanor St Houston 77009,29.812356,-95.365423,45,55,47
1377,712 W Melwood St Houston 77009,29.794348,-95.3827199,58,48,74
1378,714 Ridge St Houston 77009,29.782925,-95.3807355,59,42,59
1379,716 E 14th St Houston 77008,29.7963516,-95.3890928,62,49,66
1380,716 E 28th Houston 77009,,,,,
1381,716A East 28th Houston 77008,,,,,
1382,717 St. Charles Houston 77003,,,,,
1383,717 W 30th St Houston 77018,29.8138587,-95.4114043,65,41,64
1384,718 Birdsall St #C Houston 77007,,,,,
1385,718 E 12th St Houston 77008,29.7925925,-95.3931536,63,47,74
1386,718 Fowler St Houston 77007,29.7748763,-95.4073362,58,45,80
1387,718 W 8th St Houston 77007,29.785086,-95.403271,75,42,52
1388,719 Reinerman St Houston 77007,29.779897,-95.413623,58,37,72
1389,721 Hartman Street Houston 77007,29.7684548,-95.3992379,70,46,77
1390,721 W 12th St Houston 77008,29.7924126,-95.4060591,68,41,61
1391,7216 Market Street Houston 77020,29.772586,-95.333773,54,51,67
1392,722 E 17th St Houston 77008,29.8010206,-95.3922182,66,46,65
1393,722 N Shepherd Dr Houston 77007,29.780935,-95.409183,64,38,75
1394,722 Waverly St Houston 77007,29.7905881,-95.4044932,72,41,70
1395,725 E 12th 1/2 St Houston 77008,,,,,
1396,725 Martin St Houston 77018,29.834286,-95.435372,49,41,46
1397,725 Martin St Houston 77018,29.834286,-95.435372,49,41,46
1398,725 Schwartz Street Houston 77020,29.767354,-95.340858,61,51,45
1399,727 Schwartz Street Houston 77020,29.767354,-95.340858,61,51,45
1400,728 Link Houston 77009,29.80832,-95.378645,64,54,65
1401,728 Merrill St Houston 77009,29.788889,-95.380781,60,44,60
1402,729 Schwartz Street Houston 77020,29.767354,-95.340858,61,51,45
1403,730 E 27th St Houston 77009,29.8114386,-95.3924352,59,44,59
1404,730 Redwing Place Dr Houston 77009,29.8020942,-95.3810981,61,51,79
1405,7302 Walker St Houston 77011,29.730305,-95.296025,71,48,61
1406,732 Link Houston 77008,29.8136042,-95.3875145,65,41,61
1407,7338 Rusk St Houston 77011,29.736101,-95.312508,70,61,70
1408,734 B W 20th St Houston 77008,29.8039647,-95.3985626,70,45,86
1409,734 Link Houston 77008,29.8136042,-95.3875145,65,41,61
1410,734 Yale Street #A Houston 77007,,,,,
1411,7346 Dallas St Houston 77011,29.728436,-95.297048,73,46,51
1412,739 E 7th 1/2 St Houston 77007,,,,,
1413,741 Worthshire St #0 Houston 77008,,,,,
1414,741 Worthshire St Houston 77008,29.789527,-95.415253,67,37,60
1415,741 Worthshire St Houston 77008,29.789527,-95.415253,67,37,60
1416,742 E 40th 1/2 St Houston 77022,29.822707,-95.398949,56,47,61
1417,743 Worthshire St #2 Houston 77008,,,,,
1418,744 N Shepherd Dr Houston 77007,29.780935,-95.409183,64,38,75
1419,747 Dorothy St Houston 77007,29.786833,-95.408403,71,40,53
1420,747 Worthshire St Houston 77008,29.789527,-95.415253,67,37,60
1421,750 E 17th St Houston 77008,29.8010206,-95.3922182,66,46,65
1422,750 Worthshire St #0 Houston 77008,,,,,
1423,751 Worthshire #2 Houston 77008,29.789527,-95.415253,,,
1424,751 Worthshire St #2 Houston 77008,,,,,
1425,754 Worthshire St Houston 77008,29.789527,-95.415253,67,37,60
1426,761 33rd Houston 77022,29.8165499,-95.3850197,62,47,50
1427,761 Grove Houston 77020,29.755016,-95.294102,33,38,11
1428,762 Worthshire St Houston 77008,29.789527,-95.415253,67,37,60
1429,763 Grove Houston 77020,29.755016,-95.294102,33,38,11
1430,765 Grove Houston 77020,29.755016,-95.294102,33,38,11
1431,767 Worthshire St Houston 77008,29.789527,-95.415253,67,37,60
1432,769 Grove Houston 77020,29.755016,-95.294102,33,38,11
1433,784 Worthshire St Houston 77008,29.789527,-95.415253,67,37,60
1434,786 Nicholson St Houston 77007,29.7924186,-95.4055829,68,41,61
1435,7904 Appleton St Houston 77022,29.83473,-95.368165,49,56,47
1436,80 N Hutcheson Houston 77003,,,,,
1437,800 Byrne St Houston 77009,29.784097,-95.382017,60,42,60
1438,800 Woodcrest Dr Houston 77018,29.822843,-95.441242,59,40,47
1439,802 E 39th St Houston 77022,29.821583,-95.387923,52,46,39
1440,802 W Heights Hollow Ln Houston 77007,,,,,
1441,802 W Heights Hollow Ln Houston 77007,,,,,
1442,804 Reinerman St Houston 77007,29.779897,-95.413623,58,37,72
1443,805 Archer Houston 77009,29.7971341,-95.3738203,50,56,67
1444,805 Brooks St Houston 77009,29.773101,-95.361,65,80,67
1445,805 Enid Houston 77009,29.807884,-95.375452,61,56,58
1446,805 Enid Houston 77009,29.807884,-95.375452,61,56,58
1447,805 Enid Houston 77009,29.807884,-95.375452,61,56,58
1448,807 Algona Ave Houston 77008,,,,,
1449,809 Herkimer St Houston 77007,29.7924109,-95.4061909,68,41,61
1450,810 E 28th St Houston 77009,29.812577,-95.383744,60,46,62
1451,810 Gale St Houston 77009,29.8056871,-95.3610309,65,55,60
1452,811 Alexander St Houston 77007,29.7886922,-95.407925,72,41,61
1453,811 Alexander St Houston 77007,29.7886922,-95.407925,72,41,61
1454,811 Wendel St Houston 77009,29.7822096,-95.3807207,59,42,59
1455,8111 Roswell St Houston 77022,29.822669,-95.369547,49,49,55
1456,814 W 26th St  D Houston 77008,,,,,
1457,814 W Heights Hollow Ln Houston 77007,,,,,
1458,815 Fisher St Houston 77018,29.823067,-95.426853,70,41,62
1459,815 Pecore St Houston 77009,29.790572,-95.379369,59,48,66
1460,816 A Dorothy St Houston 77007,29.786833,-95.408403,71,40,53
1461,817-B Delano St Houston 77003,29.7419689,-95.3540044,66,68,51
1462,817 Lawrence St Houston 77007,29.7887071,-95.406974,72,41,61
1463,819 W 43rd St Houston 77018,29.8326677,-95.4454245,44,34,45
1464,82 N Hutcheson Houston 77003,29.756543,-95.332424,73,48,53
1465,820 Kern st Houston 77008,,,,,
1466,821 Malone Houston 77007,29.7689063,-95.419331,63,43,79
1467,821 Pizer St Houston 77009,29.7936646,-95.3809981,57,48,67
1468,8210 Fulton St Houston 77022,29.8134712,-95.3696524,43,56,43
1469,822 W 26th St Houston 77008,29.809843,-95.414797,58,42,55
1470,823 Dorothy St Houston 77007,29.786833,-95.408403,71,40,53
1471,823 E 36th St Houston 77022,29.819495,-95.387394,53,45,33
1472,824 Ennis Houston 77003,29.7565371,-95.3398112,81,61,74
1473,824 W 22nd St Houston 77008,29.805726,-95.418088,58,42,62
1474,825 E 36th St Houston 77022,29.819495,-95.387394,53,45,33
1475,827 W 16th St Houston 77008,29.79972,-95.410079,65,43,71
1476,828 E 25th St Houston 77009,29.8089024,-95.3958918,62,43,69
1477,828 Ennis Houston 77003,29.7565371,-95.3398112,81,61,74
1478,828 Tulane St Houston 77007,29.7924602,-95.4023089,70,43,63
1479,832 A W 26th St Houston 77008,29.809843,-95.414797,58,42,55
1480,832 Garden Oaks Ter Houston 77018,29.8162943,-95.416865,74,43,61
1481,834 Cohn St Houston 77007,29.7700061,-95.4218366,62,44,72
1482,834 Cohn St Houston 77007,29.7700061,-95.4218366,62,44,72
1483,834 Peddie St Houston 77008,29.799217,-95.390192,61,49,69
1484,836 Herkimer St Houston 77007,29.7924109,-95.4061909,68,41,61
1485,836 Herkimer St Houston 77007,29.7924109,-95.4061909,68,41,61
1486,837 Yale St Houston 77007,29.7751592,-95.3986909,63,46,74
1487,838 26th Houston 77008,29.809843,-95.414797,58,42,55
1488,84 N Hutcheson Houston 77003,,,,,
1489,840 W 25th St  B Houston 77008,,,,,
1490,8402 Appleton Street Houston 77022,29.83473,-95.368165,49,56,47
1491,8404 Oak Leaf Point Drive Houston 77055,,,,,
1492,8406 Oak Leaf Point Drive Houston 77055,,,,,
1493,8409 Hempstead Street  H Houston 77008,,,,,
1494,8412 Oak Leaf Point Houston 77055,,,,,
1495,843 W 21ST Unit B Houston 77008,,,,,
1496,844 E 29th Houston 77009,,,,,
1497,844 E.29th Houston 77009,,,,,
1498,851 Fisher St #B Houston 77018,,,,,
1499,851 Fisher St #C Houston 77018,,,,,
1500,855 W 43rd St Houston 77018,29.8326677,-95.4454245,44,34,45
1501,864 Wakefield  D Houston 77018,29.824965,-95.438785,57,40,44
1502,864 Wakefield Street Unit C Houston 77018,,,,,
1503,864 Wakefield Street Unit E Houston 77018,,,,,
1504,867 Wakefield #D Houston 77018,29.824965,-95.438785,,,
1505,869 Wakefield #C Houston 77018,,,,,
1506,869 Wakefield #D Houston 77018,29.824965,-95.438785,,,
1507,871 Wakefield #C Houston 77018,,,,,
1508,873 Wakefield #B Houston 77018,29.824965,-95.438785,,,
1509,873 Wakefield #C Houston 77018,,,,,
1510,878 Fisher St Houston 77018,29.823067,-95.426853,70,41,62
1511,899 Knox Houston 77007,29.761265,-95.4209414,52,41,60
1512,901 Pecore St Houston 77009,29.790572,-95.379369,59,48,66
1513,901 Redan Houston 77009,29.7897782,-95.3730788,57,54,73
1514,903 W 30th St Houston 77018,29.8138587,-95.4114043,65,41,64
1515,904 Roy St Houston 77007,29.779182,-95.412661,58,36,76
1516,904b W 20th Houston 77008,,,,,
1517,905 W 19th St Houston 77008,29.802314,-95.4247272,67,37,77
1518,906 Reinerman St Houston 77007,29.779897,-95.413623,58,37,72
1519,907 Lawrence St Houston 77008,29.813772,-95.408224,66,42,57
1520,907 W 42nd St Houston 77018,29.8252981,-95.4202245,62,44,43
1521,908 Enid St Houston 77009,29.807884,-95.375452,61,56,58
1522,908 Hutchins Houston 77003,29.7567907,-95.3498213,78,88,84
1523,908 Kelley Houston 77009,29.8131,-95.365431,45,55,47
1524,908 Patterson St Houston 77007,29.7769985,-95.4062857,57,45,75
1525,910 Cohn St Houston 77007,29.7700061,-95.4218366,62,44,72
1526,910A W 18th St Houston 77008,29.8015449,-95.4598537,47,50,59
1527,910B W 18th St Houston 77008,29.8015449,-95.4598537,47,50,59
1528,910C W 18th St Houston 77008,29.8015449,-95.4598537,47,50,59
1529,910E W 18th St Houston 77008,29.8015449,-95.4598537,47,50,59
1530,911 Arlington St Houston 77008,29.7944276,-95.3942964,64,47,70
1531,911 E 32nd St Houston 77022,29.815284,-95.387524,62,42,54
1532,912 Graceland St Houston 77009,29.8085851,-95.3695923,57,58,58
1533,912 Northwood St Houston 77009,29.807452,-95.378636,64,54,65
1534,912 W W 25th St Unit: 1 Houston 77008,,,,,
1535,913-A Lawrence St Houston 77008,29.813772,-95.408224,66,42,57
1536,914 Bethlehem St Houston 77018,29.837219,-95.432958,47,41,31
1537,915 Reinicke St Houston 77007,,,,,
1538,916 Lawrence  B Houston 77008,29.813772,-95.408224,66,42,57
1539,916 Omar St Houston 77009,29.788054,-95.384311,65,45,75
1540,917 Milwaukee Houston 77009,29.809364,-95.365378,48,57,46
1541,918 Lester St Houston 77007,29.7679526,-95.41525,62,43,77
1542,919 Reinicke St Houston 77007,,,,,
1543,920 Thornton Rd Houston 77018,29.832356,-95.423062,50,42,25
1544,921 Kern St Houston 77009,29.803095,-95.381907,61,49,81
1545,9214 E Bronco Drive Houston 77055,,,,,
1546,922 Asbury St Houston 77007,29.7689188,-95.4184893,64,43,78
1547,922 W 15th 1/2 St Houston 77008,,,,,
1548,922 W 15th 1/2 St Houston 77008,,,,,
1549,923 Chantilly Ln Houston 77018,29.828882,-95.44152,43,37,45
1550,923 Chantilly Ln Houston 77018,29.828882,-95.44152,43,37,45
1551,925 Tulane Street Houston 77008,29.7924602,-95.4023089,70,43,63
1552,926 Prince St Houston 77008,29.7903249,-95.4134053,68,37,64
1553,926 W 26th St Houston 77008,29.809843,-95.414797,58,42,55
1554,927 Fugate St Houston 77009,29.795037,-95.3762929,50,54,69
1555,927 Gardenia Dr Houston 77018,29.827032,-95.424159,62,43,55
1556,928 Louise St Houston 77009,29.8053479,-95.3844428,63,47,71
1557,928 Mckinney Park Ln Houston 77003,,,,,
1558,929 Wynnwood Ln Houston 77008,29.793986,-95.440727,46,40,35
1559,9305 Highlawn St Houston 77022,29.8455634,-95.374767,44,41,61
1560,931 W 17th St Houston 77008,29.800744,-95.410088,68,44,76
1561,9314 Olathe St Houston 77055,29.796887,-95.515931,63,35,68
1562,933 W 24th St Unit E Houston 77008,,,,,
1563,934 Hillstar Houston 77009,,,,,
1564,934 Robbie Houston 77009,29.8046329,-95.3844365,63,47,71
1565,939 Colorado #10 Houston 77007,29.770765,-95.374701,,,
1566,94 N Hutcheson Houston 77003,29.756543,-95.332424,73,48,53
1567,947 W 41st St Houston 77018,29.8242419,-95.4203199,67,44,46
1568,949 W 24th St Houston 77008,29.807757,-95.418138,58,41,54
1569,953 W 23rd St Houston 77008,29.8066926,-95.4224409,66,38,67
1570,953 Yale St  B Houston 77008,,,,,
1571,953 Yale St  B Houston 77008,,,,,
1572,955 W 24 Unit C Houston 77008,,,,,
1573,96 N Hutcheson Houston 77003,29.756543,-95.332424,73,48,53
1574,960 Patterson St Houston 77007,29.7769985,-95.4062857,57,45,75
1575,962 Del Norte St Houston 77018,29.839821,-95.449523,38,34,4
1576,9802 Pine Lake Dr Houston 77055,29.789017,-95.534467,52,40,59
1577,9815 Oak Point Dr Houston 77055,29.792698,-95.534428,49,38,52
1578,9829 Pine Lake Dr Houston 77055,29.789017,-95.534467,52,40,59
